group,unknown_class,cifar100_test_index,row,predicted_class,score_u,threshold_tau,margin_tau_minus_u,max_softmax_prob,a_priori_semantic_neighbour,your_judgement
far,mushroom,4982,1207,bird,-12.36999225616455,-5.780368304252624,6.589623951911927,0.9999829139091093,surprising,
far,keyboard,6297,1317,bird,-12.238081932067871,-5.780368304252624,6.457713627815247,0.9999799678880693,surprising,
near,camel,4234,311,deer,-11.890063285827637,-5.780368304252624,6.109694981575013,0.9999663361035693,plausible,
near,pickup_truck,7658,614,automobile,-11.674239158630371,-5.780368304252624,5.893870854377747,0.9999695207993351,plausible,
near,fox,959,75,dog,-11.672513008117676,-5.780368304252624,5.892144703865052,0.9997737390429301,plausible,
far,bottle,3888,1122,cat,-11.527181625366211,-5.780368304252624,5.746813321113587,0.9999098908230735,surprising,
near,bus,5201,410,truck,-11.353097915649414,-5.780368304252624,5.57272961139679,0.9998233505226471,plausible,
near,bus,7133,562,truck,-11.165925025939941,-5.780368304252624,5.385556721687317,0.9999346881800514,plausible,
near,bus,2665,196,truck,-11.055606842041016,-5.780368304252624,5.2752385377883915,0.9999320568127174,plausible,
near,pickup_truck,9081,730,automobile,-11.030911445617676,-5.780368304252624,5.250543141365052,0.9999139443589807,plausible,
far,bowl,2797,1029,cat,-10.945569038391113,-5.780368304252624,5.165200734138489,0.9999249922503926,surprising,
near,bus,5184,407,truck,-10.927184104919434,-5.780368304252624,5.146815800666809,0.9999120235988285,plausible,
near,bus,2832,206,truck,-10.90178108215332,-5.780368304252624,5.121412777900696,0.9999186178857621,plausible,
near,pickup_truck,7389,587,automobile,-10.870708465576172,-5.780368304252624,5.090340161323548,0.9998686875693205,plausible,
near,bus,8655,691,truck,-10.850764274597168,-5.780368304252624,5.070395970344544,0.999921159806741,plausible,
near,camel,6418,516,deer,-10.840031623840332,-5.780368304252624,5.059663319587708,0.9998904005925633,plausible,
far,keyboard,8369,1480,truck,-10.75866413116455,-5.780368304252624,4.978295826911927,0.9999195007935467,surprising,
far,bowl,6254,1314,cat,-10.738856315612793,-5.780368304252624,4.958488011360169,0.9998699477003941,surprising,
near,pickup_truck,9880,788,truck,-10.666571617126465,-5.780368304252624,4.886203312873841,0.9999045720503834,plausible,
far,clock,4859,1198,cat,-10.62252140045166,-5.780368304252624,4.842153096199036,0.9998747740445318,surprising,
far,sunflower,5260,1225,bird,-10.563408851623535,-5.780368304252624,4.783040547370911,0.9998115042800824,surprising,
near,bus,9232,739,truck,-10.547266960144043,-5.780368304252624,4.766898655891419,0.9998035186098878,plausible,
near,tractor,8996,721,ship,-10.546733856201172,-5.780368304252624,4.766365551948548,0.9998870505319047,surprising,
near,bus,1662,129,truck,-10.522887229919434,-5.780368304252624,4.742518925666809,0.9999003151901633,plausible,
near,wolf,809,62,dog,-10.504907608032227,-5.780368304252624,4.724539303779602,0.999735922658824,plausible,
near,bus,4185,308,truck,-10.49537181854248,-5.780368304252624,4.715003514289856,0.9998781130465728,plausible,
near,pickup_truck,4316,323,truck,-10.484453201293945,-5.780368304252624,4.704084897041321,0.9998331963525241,plausible,
near,wolf,2064,155,dog,-10.470054626464844,-5.780368304252624,4.68968632221222,0.999745025061792,plausible,
near,camel,5762,468,bird,-10.466737747192383,-5.780368304252624,4.686369442939759,0.9995781798265788,surprising,
near,wolf,3817,275,dog,-10.417613983154297,-5.780368304252624,4.637245678901673,0.9998133803361298,plausible,
near,bus,5748,466,truck,-10.399893760681152,-5.780368304252624,4.619525456428528,0.9998197467498113,plausible,
near,bus,766,57,truck,-10.38365364074707,-5.780368304252624,4.603285336494446,0.9998863658413006,plausible,
near,camel,9142,733,horse,-10.346879005432129,-5.780368304252624,4.566510701179505,0.9998290341820333,plausible,
near,bus,5853,473,truck,-10.316666603088379,-5.780368304252624,4.536298298835755,0.99984284055801,plausible,
far,keyboard,3247,1066,truck,-10.305517196655273,-5.780368304252624,4.525148892402649,0.9998076333676599,surprising,
near,bus,2719,201,truck,-10.286284446716309,-5.780368304252624,4.505916142463684,0.9998733273252314,plausible,
far,keyboard,4183,1146,cat,-10.267024040222168,-5.780368304252624,4.486655735969544,0.9997275165021293,surprising,
near,bus,1271,98,truck,-10.245704650878906,-5.780368304252624,4.465336346626282,0.9998358611232251,plausible,
near,bus,5163,404,truck,-10.241050720214844,-5.780368304252624,4.46068241596222,0.9996559252718465,plausible,
far,sunflower,3386,1086,cat,-10.205162048339844,-5.780368304252624,4.42479374408722,0.9997830198184835,surprising,
near,fox,7225,571,cat,-10.201225280761719,-5.780368304252624,4.420856976509095,0.9998768461025874,plausible,
far,keyboard,3586,1099,cat,-10.199847221374512,-5.780368304252624,4.419478917121888,0.9982347017083784,surprising,
far,sunflower,9209,1549,bird,-10.197714805603027,-5.780368304252624,4.417346501350403,0.9968645150124169,surprising,
near,pickup_truck,353,29,automobile,-10.196283340454102,-5.780368304252624,4.415915036201477,0.9998027303765331,plausible,
near,tractor,4663,353,truck,-10.187077522277832,-5.780368304252624,4.406709218025208,0.9997641574065398,plausible,
near,pickup_truck,9368,752,truck,-10.186036109924316,-5.780368304252624,4.405667805671692,0.9998500820070717,plausible,
near,bus,957,74,truck,-10.184029579162598,-5.780368304252624,4.4036612749099735,0.9998364084429741,plausible,
near,pickup_truck,6574,530,automobile,-10.17364501953125,-5.780368304252624,4.393276715278626,0.9998613460279369,plausible,
near,pickup_truck,4335,325,truck,-10.156660079956055,-5.780368304252624,4.3762917757034305,0.9998640004853989,plausible,
far,bottle,7443,1417,cat,-10.15003776550293,-5.780368304252624,4.3696694612503055,0.9997308001155503,surprising,
far,keyboard,8312,1477,airplane,-10.146771430969238,-5.780368304252624,4.366403126716614,0.9993513441472446,surprising,
near,wolf,9965,797,dog,-10.139595985412598,-5.780368304252624,4.3592276811599735,0.9997305392213794,plausible,
near,bus,4173,306,truck,-10.13318920135498,-5.780368304252624,4.352820897102356,0.9998245055652331,plausible,
near,wolf,7028,552,cat,-10.117438316345215,-5.780368304252624,4.337070012092591,0.9997745448181659,plausible,
far,clock,9533,1570,bird,-10.079290390014648,-5.780368304252624,4.298922085762024,0.9997644617970851,surprising,
near,pickup_truck,9927,792,automobile,-10.079120635986328,-5.780368304252624,4.298752331733704,0.9998091104121806,plausible,
near,tractor,4731,359,truck,-10.065720558166504,-5.780368304252624,4.28535225391388,0.9997760635698429,plausible,
near,fox,9453,760,cat,-10.057181358337402,-5.780368304252624,4.276813054084778,0.9998367974530605,plausible,
near,bus,3276,238,truck,-10.054950714111328,-5.780368304252624,4.274582409858704,0.9998058803390666,plausible,
near,bus,6339,504,truck,-10.039948463439941,-5.780368304252624,4.259580159187317,0.9997907052300141,plausible,
far,bowl,1865,954,cat,-10.039819717407227,-5.780368304252624,4.259451413154602,0.998643351055902,surprising,
near,pickup_truck,4870,367,automobile,-10.033368110656738,-5.780368304252624,4.252999806404114,0.9998034163005506,plausible,
near,wolf,7980,638,dog,-10.032163619995117,-5.780368304252624,4.251795315742493,0.9996006893713463,plausible,
near,wolf,5078,391,dog,-10.031291961669922,-5.780368304252624,4.250923657417298,0.9998552663907938,plausible,
near,leopard,6395,509,frog,-10.01364803314209,-5.780368304252624,4.233279728889466,0.9998082803801385,surprising,
far,sunflower,9775,1587,bird,-9.982250213623047,-5.780368304252624,4.201881909370423,0.9996208353874503,surprising,
near,pickup_truck,9388,754,automobile,-9.974664688110352,-5.780368304252624,4.194296383857727,0.999776085591801,plausible,
near,bus,1489,115,truck,-9.920825958251953,-5.780368304252624,4.140457653999329,0.9998128222283497,plausible,
near,bus,4296,320,truck,-9.90658187866211,-5.780368304252624,4.126213574409485,0.999615712564708,plausible,
near,pickup_truck,4515,343,automobile,-9.905035972595215,-5.780368304252624,4.124667668342591,0.9997889319108373,plausible,
near,bus,4307,321,truck,-9.898898124694824,-5.780368304252624,4.1185298204422,0.9998301617382189,plausible,
near,bus,1445,111,truck,-9.894147872924805,-5.780368304252624,4.1137795686721805,0.9996992028038052,plausible,
far,wardrobe,3149,1059,truck,-9.86800765991211,-5.780368304252624,4.087639355659485,0.9993895785559974,surprising,
near,bus,193,11,truck,-9.865605354309082,-5.780368304252624,4.085237050056458,0.9998230497535074,plausible,
near,pickup_truck,6653,533,automobile,-9.84912395477295,-5.780368304252624,4.068755650520325,0.9996448508506828,plausible,
far,wardrobe,8236,1474,truck,-9.841361999511719,-5.780368304252624,4.060993695259095,0.999366057886724,surprising,
near,fox,3644,264,deer,-9.829442024230957,-5.780368304252624,4.049073719978333,0.9998016718852835,plausible,
near,pickup_truck,7900,631,automobile,-9.828471183776855,-5.780368304252624,4.048102879524231,0.9997168095062997,plausible,
near,fox,7564,603,cat,-9.814226150512695,-5.780368304252624,4.033857846260071,0.9988457951987161,plausible,
near,tractor,9704,776,truck,-9.805645942687988,-5.780368304252624,4.025277638435364,0.998456223760043,plausible,
near,bus,7812,623,truck,-9.805191040039062,-5.780368304252624,4.024822735786438,0.9994655400091123,plausible,
near,camel,9110,732,horse,-9.79627513885498,-5.780368304252624,4.015906834602356,0.9995898434750566,plausible,
far,wardrobe,2915,1037,truck,-9.783780097961426,-5.780368304252624,4.003411793708802,0.9987489806184903,surprising,
near,fox,2544,187,deer,-9.766883850097656,-5.780368304252624,3.986515545845032,0.9973790648700329,plausible,
near,bus,5634,454,truck,-9.730900764465332,-5.780368304252624,3.950532460212708,0.9996644819530018,plausible,
near,tractor,6430,517,truck,-9.730125427246094,-5.780368304252624,3.9497571229934696,0.9990471669293669,plausible,
far,clock,5690,1259,airplane,-9.711251258850098,-5.780368304252624,3.9308829545974735,0.9995943491562382,surprising,
far,wardrobe,5643,1252,truck,-9.70067310333252,-5.780368304252624,3.9203047990798954,0.9983480767511869,surprising,
near,pickup_truck,8966,719,automobile,-9.696394920349121,-5.780368304252624,3.916026616096497,0.999378334986283,plausible,
near,pickup_truck,4506,342,automobile,-9.686631202697754,-5.780368304252624,3.9062628984451297,0.999737068184001,plausible,
far,bowl,9492,1568,ship,-9.67638874053955,-5.780368304252624,3.8960204362869266,0.9991832072464738,surprising,
far,clock,4704,1180,truck,-9.669443130493164,-5.780368304252624,3.88907482624054,0.9996745276391685,surprising,
near,leopard,4238,312,dog,-9.669285774230957,-5.780368304252624,3.888917469978333,0.9991302323114802,plausible,
far,bottle,52,804,bird,-9.662290573120117,-5.780368304252624,3.881922268867493,0.9996917572812091,surprising,
near,wolf,7875,629,cat,-9.648454666137695,-5.780368304252624,3.868086361885071,0.9995617829741433,plausible,
far,sunflower,4785,1188,bird,-9.64824390411377,-5.780368304252624,3.8678755998611454,0.9965968440504954,surprising,
near,bus,8085,644,truck,-9.647294998168945,-5.780368304252624,3.866926693916321,0.9997639618226926,plausible,
near,camel,8143,651,cat,-9.64449691772461,-5.780368304252624,3.864128613471985,0.9995274999213852,surprising,
near,fox,9842,785,deer,-9.629311561584473,-5.780368304252624,3.8489432573318485,0.9996014216599919,plausible,
near,bus,7508,600,truck,-9.628496170043945,-5.780368304252624,3.848127865791321,0.9996610929023427,plausible,
far,sunflower,2831,1034,frog,-9.61599063873291,-5.780368304252624,3.835622334480286,0.9996340606055651,surprising,
near,bus,3197,232,truck,-9.612244606018066,-5.780368304252624,3.8318763017654422,0.9996299267613318,plausible,
near,wolf,6552,528,cat,-9.601469039916992,-5.780368304252624,3.821100735664368,0.9993664294922343,plausible,
far,clock,1560,928,cat,-9.598664283752441,-5.780368304252624,3.8182959794998172,0.9991390110293923,surprising,
far,bottle,340,829,ship,-9.578741073608398,-5.780368304252624,3.7983727693557743,0.9996393782630318,surprising,
near,bus,9835,784,truck,-9.574352264404297,-5.780368304252624,3.7939839601516727,0.9996580768772844,plausible,
near,bus,2591,191,truck,-9.56939697265625,-5.780368304252624,3.789028668403626,0.9988331960715283,plausible,
near,motorcycle,3558,255,automobile,-9.567949295043945,-5.780368304252624,3.787580990791321,0.9996839702501173,plausible,
far,bottle,4334,1158,cat,-9.56085205078125,-5.780368304252624,3.780483746528626,0.9969949513209299,surprising,
near,bus,3026,222,truck,-9.542255401611328,-5.780368304252624,3.761887097358704,0.9994178398046074,plausible,
near,camel,6417,515,bird,-9.539908409118652,-5.780368304252624,3.759540104866028,0.9989402213276272,surprising,
far,chair,5683,1257,airplane,-9.534862518310547,-5.780368304252624,3.7544942140579227,0.9996506524668054,surprising,
near,bus,6116,492,truck,-9.532609939575195,-5.780368304252624,3.752241635322571,0.9971405658100099,plausible,
near,pickup_truck,8082,643,automobile,-9.529829025268555,-5.780368304252624,3.7494607210159305,0.9995965703392113,plausible,
near,wolf,7135,563,dog,-9.523809432983398,-5.780368304252624,3.7434411287307743,0.9994158338147849,plausible,
far,mushroom,8707,1505,bird,-9.520137786865234,-5.780368304252624,3.73976948261261,0.9981826621655149,surprising,
far,chair,6491,1333,airplane,-9.5195894241333,-5.780368304252624,3.7392211198806766,0.9997122265902575,surprising,
near,pickup_truck,1913,145,truck,-9.469217300415039,-5.780368304252624,3.688848996162415,0.9996588777359089,plausible,
near,wolf,6010,483,deer,-9.458759307861328,-5.780368304252624,3.678391003608704,0.9994936243745778,plausible,
near,pickup_truck,7207,569,automobile,-9.4546480178833,-5.780368304252624,3.6742797136306766,0.9994913819700938,plausible,
near,pickup_truck,8953,716,automobile,-9.450806617736816,-5.780368304252624,3.6704383134841922,0.9996942378277939,plausible,
near,wolf,2340,177,dog,-9.448457717895508,-5.780368304252624,3.6680894136428837,0.9923257515498025,plausible,
near,pickup_truck,150,9,truck,-9.439314842224121,-5.780368304252624,3.658946537971497,0.9978796965197674,plausible,
near,pickup_truck,9429,758,automobile,-9.430304527282715,-5.780368304252624,3.6499362230300907,0.9992627257425745,plausible,
near,pickup_truck,5715,461,automobile,-9.42318058013916,-5.780368304252624,3.642812275886536,0.9990100852770789,plausible,
near,leopard,8774,704,cat,-9.417865753173828,-5.780368304252624,3.637497448921204,0.9986389489615058,plausible,
near,bus,2843,210,truck,-9.401366233825684,-5.780368304252624,3.6209979295730594,0.9996160234270594,plausible,
near,wolf,3877,282,cat,-9.401359558105469,-5.780368304252624,3.6209912538528446,0.9992956858067261,plausible,
near,bus,94,7,truck,-9.394035339355469,-5.780368304252624,3.6136670351028446,0.9996772632883874,plausible,
far,bowl,2656,1021,cat,-9.39372444152832,-5.780368304252624,3.613356137275696,0.9993081070738935,surprising,
far,bowl,3765,1114,ship,-9.393295288085938,-5.780368304252624,3.6129269838333133,0.9996347369082901,surprising,
near,fox,6163,497,deer,-9.39192008972168,-5.780368304252624,3.6115517854690555,0.9994441867615639,plausible,
near,wolf,2826,204,deer,-9.39097785949707,-5.780368304252624,3.610609555244446,0.9994384230677436,plausible,
near,tractor,7884,630,ship,-9.390527725219727,-5.780368304252624,3.6101594209671024,0.9987966041227826,surprising,
near,pickup_truck,156,10,truck,-9.386836051940918,-5.780368304252624,3.606467747688294,0.9982453508489973,plausible,
near,pickup_truck,4588,347,automobile,-9.36642837524414,-5.780368304252624,3.5860600709915165,0.9993294728270926,plausible,
near,pickup_truck,8455,674,automobile,-9.365921020507812,-5.780368304252624,3.5855527162551883,0.9995582528509508,plausible,
near,pickup_truck,5009,382,automobile,-9.35957145690918,-5.780368304252624,3.5792031526565555,0.9995494934178353,plausible,
far,clock,1586,930,truck,-9.355459213256836,-5.780368304252624,3.575090909004212,0.9993569009311417,surprising,
far,sunflower,714,862,bird,-9.354949951171875,-5.780368304252624,3.574581646919251,0.9991144769372837,surprising,
near,fox,4264,314,deer,-9.352310180664062,-5.780368304252624,3.5719418764114383,0.9992997809480886,plausible,
far,wardrobe,3378,1085,cat,-9.332230567932129,-5.780368304252624,3.5518622636795047,0.9989726227519258,surprising,
far,chair,4259,1153,airplane,-9.31670093536377,-5.780368304252624,3.5363326311111454,0.9994938964960868,surprising,
far,mushroom,1196,902,frog,-9.314844131469727,-5.780368304252624,3.5344758272171024,0.9989295571750645,surprising,
far,mushroom,5219,1222,cat,-9.304878234863281,-5.780368304252624,3.524509930610657,0.9960626634374481,surprising,
near,camel,1882,143,dog,-9.303814888000488,-5.780368304252624,3.523446583747864,0.9960886651706496,surprising,
near,wolf,7308,578,dog,-9.303232192993164,-5.780368304252624,3.52286388874054,0.9990975437689594,plausible,
near,bus,7816,624,truck,-9.296713829040527,-5.780368304252624,3.516345524787903,0.9991174902658081,plausible,
near,wolf,2102,161,bird,-9.292317390441895,-5.780368304252624,3.5119490861892704,0.9995261712764494,surprising,
near,fox,8715,697,cat,-9.290377616882324,-5.780368304252624,3.5100093126297,0.9945495651775097,plausible,
far,mushroom,5646,1253,bird,-9.290000915527344,-5.780368304252624,3.5096326112747196,0.999102464742712,surprising,
near,bus,5015,383,truck,-9.26668643951416,-5.780368304252624,3.486318135261536,0.9994228276639996,plausible,
near,wolf,8713,696,dog,-9.249539375305176,-5.780368304252624,3.4691710710525516,0.9992279422801279,plausible,
far,sunflower,6030,1284,bird,-9.245986938476562,-5.780368304252624,3.4656186342239383,0.9990902486819776,surprising,
far,mushroom,8701,1504,dog,-9.242815971374512,-5.780368304252624,3.4624476671218876,0.9989518872054384,surprising,
near,wolf,1519,119,dog,-9.232990264892578,-5.780368304252624,3.452621960639954,0.989723921050896,plausible,
near,bus,1985,148,automobile,-9.226384162902832,-5.780368304252624,3.446015858650208,0.9994909032580871,plausible,
far,mushroom,9193,1548,cat,-9.218610763549805,-5.780368304252624,3.4382424592971805,0.9991690066574291,surprising,
far,wardrobe,6390,1324,truck,-9.21098518371582,-5.780368304252624,3.430616879463196,0.9981221077230109,surprising,
far,chair,3186,1060,airplane,-9.202986717224121,-5.780368304252624,3.422618412971497,0.9994049564643253,surprising,
far,mushroom,3968,1129,frog,-9.201126098632812,-5.780368304252624,3.4207577943801883,0.9993767007648721,surprising,
near,tractor,2144,164,truck,-9.198989868164062,-5.780368304252624,3.4186215639114383,0.9994244903022735,plausible,
near,fox,8731,699,cat,-9.198820114135742,-5.780368304252624,3.418451809883118,0.996871715648557,plausible,
near,leopard,2647,195,frog,-9.18187427520752,-5.780368304252624,3.4015059709548954,0.9946695070817756,surprising,
near,wolf,1345,104,cat,-9.177472114562988,-5.780368304252624,3.397103810310364,0.9990377972600669,plausible,
near,leopard,1771,135,cat,-9.177306175231934,-5.780368304252624,3.3969378709793094,0.9979491961999242,plausible,
near,fox,4004,295,cat,-9.177288055419922,-5.780368304252624,3.3969197511672977,0.9981707264604605,plausible,
far,mushroom,2980,1045,bird,-9.1663236618042,-5.780368304252624,3.385955357551575,0.9993465308790872,surprising,
near,leopard,9187,735,cat,-9.144014358520508,-5.780368304252624,3.3636460542678837,0.9991708867736292,plausible,
near,leopard,9575,766,frog,-9.134110450744629,-5.780368304252624,3.3537421464920047,0.9995504805068326,surprising,
far,bowl,9561,1572,frog,-9.12824535369873,-5.780368304252624,3.3478770494461063,0.9995680331723147,surprising,
near,wolf,712,52,dog,-9.119342803955078,-5.780368304252624,3.338974499702454,0.998560854019874,plausible,
near,leopard,9406,756,cat,-9.108988761901855,-5.780368304252624,3.3286204576492313,0.9993488510270434,plausible,
far,sunflower,2811,1031,frog,-9.098272323608398,-5.780368304252624,3.3179040193557743,0.9992798751311263,surprising,
near,camel,8780,705,horse,-9.096639633178711,-5.780368304252624,3.316271328926087,0.9991723048966303,plausible,
near,camel,4435,334,dog,-9.072395324707031,-5.780368304252624,3.292027020454407,0.9982382455450565,surprising,
near,bus,4586,346,automobile,-9.063660621643066,-5.780368304252624,3.2832923173904422,0.998481187776198,plausible,
near,pickup_truck,5008,381,automobile,-9.057610511779785,-5.780368304252624,3.277242207527161,0.9991762769395666,plausible,
near,wolf,7087,555,cat,-9.050329208374023,-5.780368304252624,3.2699609041213993,0.9929529493385929,plausible,
near,wolf,720,54,dog,-9.037240982055664,-5.780368304252624,3.25687267780304,0.9973660878076186,plausible,
near,wolf,3731,269,dog,-9.033400535583496,-5.780368304252624,3.253032231330872,0.9976062914351433,plausible,
near,camel,8834,707,dog,-9.031618118286133,-5.780368304252624,3.2512498140335087,0.9978300292805186,surprising,
near,tractor,1260,96,truck,-9.023990631103516,-5.780368304252624,3.2436223268508915,0.9993256914625643,plausible,
far,chair,2684,1024,airplane,-9.004178047180176,-5.780368304252624,3.2238097429275516,0.998978792259842,surprising,
far,sunflower,3115,1056,cat,-8.995537757873535,-5.780368304252624,3.215169453620911,0.9988364391758388,surprising,
near,leopard,5399,429,cat,-8.989212989807129,-5.780368304252624,3.2088446855545047,0.9975614268844974,plausible,
near,bus,8609,686,truck,-8.983500480651855,-5.780368304252624,3.2031321763992313,0.9993597865856355,plausible,
near,wolf,4378,328,dog,-8.97929573059082,-5.780368304252624,3.198927426338196,0.9984965676462468,plausible,
near,fox,4889,370,horse,-8.956432342529297,-5.780368304252624,3.1760640382766727,0.9994023085859327,surprising,
near,camel,769,58,airplane,-8.954365730285645,-5.780368304252624,3.1739974260330204,0.9992929838601645,surprising,
far,mushroom,9847,1591,bird,-8.953935623168945,-5.780368304252624,3.173567318916321,0.998528903897735,surprising,
near,fox,7621,610,deer,-8.948545455932617,-5.780368304252624,3.168177151679993,0.9988284582895728,plausible,
near,camel,7298,577,horse,-8.948528289794922,-5.780368304252624,3.1681599855422977,0.993352946854541,plausible,
near,bus,6176,498,truck,-8.938419342041016,-5.780368304252624,3.1580510377883915,0.997579913412888,plausible,
near,bus,4104,299,airplane,-8.93174934387207,-5.780368304252624,3.151381039619446,0.9989178278741611,surprising,
far,sunflower,1781,943,airplane,-8.922405242919922,-5.780368304252624,3.1420369386672977,0.9943051976477567,surprising,
near,pickup_truck,2100,159,automobile,-8.918797492980957,-5.780368304252624,3.138429188728333,0.9995159839211389,plausible,
near,wolf,9587,767,cat,-8.91242790222168,-5.780368304252624,3.1320595979690555,0.9993375541881623,plausible,
near,wolf,3538,253,dog,-8.897146224975586,-5.780368304252624,3.116777920722962,0.9952641727844292,plausible,
near,fox,6693,534,cat,-8.885425567626953,-5.780368304252624,3.105057263374329,0.9912999522150028,plausible,
near,pickup_truck,2603,192,automobile,-8.87613296508789,-5.780368304252624,3.0957646608352665,0.9994717662225328,plausible,
far,clock,3210,1063,automobile,-8.871148109436035,-5.780368304252624,3.090779805183411,0.9963977306322281,surprising,
far,wardrobe,797,868,truck,-8.845913887023926,-5.780368304252624,3.0655455827713016,0.9989153461575674,surprising,
near,fox,1698,132,deer,-8.844001770019531,-5.780368304252624,3.063633465766907,0.9964741000981817,plausible,
far,clock,6673,1352,cat,-8.835862159729004,-5.780368304252624,3.0554938554763797,0.9987748573499168,surprising,
far,bottle,6602,1346,ship,-8.833718299865723,-5.780368304252624,3.0533499956130985,0.9992495707327805,surprising,
near,pickup_truck,9377,753,automobile,-8.832035064697266,-5.780368304252624,3.0516667604446415,0.9984340955609454,plausible,
near,bus,8958,717,automobile,-8.831504821777344,-5.780368304252624,3.0511365175247196,0.9993015225908344,plausible,
near,pickup_truck,9447,759,automobile,-8.830345153808594,-5.780368304252624,3.0499768495559696,0.9984217405885024,plausible,
near,pickup_truck,4881,369,automobile,-8.819199562072754,-5.780368304252624,3.0388312578201297,0.9982757445128418,plausible,
far,keyboard,8994,1526,airplane,-8.816792488098145,-5.780368304252624,3.0364241838455204,0.9987640786331049,surprising,
near,leopard,5142,401,cat,-8.808859825134277,-5.780368304252624,3.028491520881653,0.9988315674401912,plausible,
near,pickup_truck,2882,212,automobile,-8.807188987731934,-5.780368304252624,3.0268206834793094,0.9992618159562748,plausible,
near,wolf,8407,670,cat,-8.791790962219238,-5.780368304252624,3.011422657966614,0.9991425792301263,plausible,
near,wolf,6967,549,dog,-8.775793075561523,-5.780368304252624,2.9954247713088993,0.9966563383285999,plausible,
far,bowl,452,842,automobile,-8.773027420043945,-5.780368304252624,2.992659115791321,0.9976447727409581,surprising,
near,pickup_truck,9878,787,automobile,-8.765558242797852,-5.780368304252624,2.9851899385452274,0.9991241008873751,plausible,
near,pickup_truck,460,34,automobile,-8.762350082397461,-5.780368304252624,2.981981778144837,0.9990065876368951,plausible,
near,pickup_truck,6075,490,automobile,-8.758658409118652,-5.780368304252624,2.978290104866028,0.9990017800032309,plausible,
near,camel,2946,216,dog,-8.756523132324219,-5.780368304252624,2.9761548280715946,0.9976392989080692,surprising,
near,leopard,8324,664,cat,-8.755464553833008,-5.780368304252624,2.9750962495803837,0.9987911067353716,plausible,
near,bus,1034,81,truck,-8.749725341796875,-5.780368304252624,2.969357037544251,0.9989863694857465,plausible,
far,mushroom,2937,1040,bird,-8.744729995727539,-5.780368304252624,2.964361691474915,0.9935166313912042,surprising,
far,bowl,6033,1285,automobile,-8.739117622375488,-5.780368304252624,2.958749318122864,0.9992754087382515,surprising,
near,tractor,5495,445,truck,-8.7287015914917,-5.780368304252624,2.948333287239075,0.9986980760642505,plausible,
near,bus,4434,333,truck,-8.712071418762207,-5.780368304252624,2.931703114509583,0.998395555820668,plausible,
near,bus,5654,456,automobile,-8.706334114074707,-5.780368304252624,2.925965809822083,0.9992237377662179,plausible,
near,pickup_truck,4821,366,automobile,-8.704916000366211,-5.780368304252624,2.924547696113587,0.999120967223663,plausible,
near,pickup_truck,4463,337,automobile,-8.699736595153809,-5.780368304252624,2.9193682909011844,0.9990318212598926,plausible,
near,bus,2203,168,automobile,-8.697868347167969,-5.780368304252624,2.9175000429153446,0.9989839209967456,plausible,
far,clock,6269,1316,cat,-8.697050094604492,-5.780368304252624,2.916681790351868,0.9987434600518185,surprising,
near,fox,4754,362,deer,-8.695171356201172,-5.780368304252624,2.9148030519485477,0.9987563425031978,plausible,
far,mushroom,8505,1489,bird,-8.692834854125977,-5.780368304252624,2.9124665498733524,0.9987921452529637,surprising,
near,leopard,1994,149,frog,-8.686600685119629,-5.780368304252624,2.9062323808670047,0.9975473221436301,surprising,
near,bus,9572,765,truck,-8.67821979522705,-5.780368304252624,2.8978514909744266,0.9975769389774065,plausible,
far,bowl,7345,1408,airplane,-8.669658660888672,-5.780368304252624,2.8892903566360477,0.9697014122986547,surprising,
far,chair,8498,1488,bird,-8.66746711730957,-5.780368304252624,2.887098813056946,0.9965153410348536,surprising,
near,wolf,9790,780,cat,-8.663018226623535,-5.780368304252624,2.882649922370911,0.9969796646628358,plausible,
far,chair,8666,1502,bird,-8.650139808654785,-5.780368304252624,2.869771504402161,0.9991325861878674,surprising,
near,bus,2484,184,truck,-8.649890899658203,-5.780368304252624,2.869522595405579,0.9976604745712995,plausible,
near,wolf,9346,750,dog,-8.648381233215332,-5.780368304252624,2.868012928962708,0.9985398194947952,plausible,
near,pickup_truck,9662,772,automobile,-8.647062301635742,-5.780368304252624,2.866693997383118,0.9982965153018863,plausible,
far,sunflower,976,885,truck,-8.646924018859863,-5.780368304252624,2.866555714607239,0.9992883721201061,surprising,
far,bottle,4956,1204,cat,-8.639334678649902,-5.780368304252624,2.858966374397278,0.998277076215063,surprising,
far,clock,6508,1336,bird,-8.637893676757812,-5.780368304252624,2.8575253725051883,0.9979428324635237,surprising,
near,tractor,9039,728,truck,-8.636442184448242,-5.780368304252624,2.856073880195618,0.9959738192424546,plausible,
near,bus,1478,114,truck,-8.636350631713867,-5.780368304252624,2.855982327461243,0.9983206233641402,plausible,
near,bus,6712,535,truck,-8.635416984558105,-5.780368304252624,2.8550486803054813,0.9982724952220873,plausible,
near,pickup_truck,8503,678,automobile,-8.628546714782715,-5.780368304252624,2.8481784105300907,0.9984844366272821,plausible,
far,wardrobe,6046,1287,cat,-8.627568244934082,-5.780368304252624,2.847199940681458,0.9962710136813501,surprising,
far,wardrobe,5428,1237,truck,-8.623425483703613,-5.780368304252624,2.843057179450989,0.9969934917620887,surprising,
near,wolf,6433,518,cat,-8.623004913330078,-5.780368304252624,2.842636609077454,0.9976558863807625,plausible,
far,bowl,3304,1073,bird,-8.621404647827148,-5.780368304252624,2.8410363435745243,0.9936543552262825,surprising,
far,wardrobe,6161,1299,truck,-8.618785858154297,-5.780368304252624,2.8384175539016727,0.9988378318772295,surprising,
near,leopard,5905,477,frog,-8.61375904083252,-5.780368304252624,2.8333907365798954,0.999032047233571,surprising,
near,leopard,8334,666,frog,-8.613430976867676,-5.780368304252624,2.8330626726150516,0.9989948170436145,surprising,
near,camel,2712,200,horse,-8.610562324523926,-5.780368304252624,2.8301940202713016,0.9965744364676398,plausible,
near,wolf,2219,170,dog,-8.609770774841309,-5.780368304252624,2.8294024705886844,0.9973414023790654,plausible,
near,camel,6475,522,horse,-8.60790729522705,-5.780368304252624,2.8275389909744266,0.9989675384916936,plausible,
near,pickup_truck,796,60,truck,-8.605147361755371,-5.780368304252624,2.824779057502747,0.9972977611226133,plausible,
near,wolf,632,45,cat,-8.593989372253418,-5.780368304252624,2.813621068000794,0.9985690901280534,plausible,
near,fox,7924,633,dog,-8.58617115020752,-5.780368304252624,2.8058028459548954,0.971688834124914,plausible,
near,pickup_truck,1327,102,automobile,-8.584421157836914,-5.780368304252624,2.80405285358429,0.997881952317238,plausible,
near,fox,8405,669,deer,-8.576617240905762,-5.780368304252624,2.7962489366531376,0.9972882673257373,plausible,
near,fox,1498,117,cat,-8.569979667663574,-5.780368304252624,2.78961136341095,0.9969034543615614,plausible,
far,keyboard,6510,1337,truck,-8.569162368774414,-5.780368304252624,2.78879406452179,0.9981752809317854,surprising,
near,tractor,2123,162,truck,-8.565539360046387,-5.780368304252624,2.7851710557937626,0.9991170526470359,plausible,
far,wardrobe,4208,1149,truck,-8.55571460723877,-5.780368304252624,2.7753463029861454,0.9946842242255047,surprising,
far,wardrobe,363,833,truck,-8.555227279663086,-5.780368304252624,2.774858975410462,0.9979525920003195,surprising,
far,bowl,3952,1127,dog,-8.546821594238281,-5.780368304252624,2.766453289985657,0.9972102271496471,surprising,
near,wolf,9942,795,dog,-8.543088912963867,-5.780368304252624,2.762720608711243,0.9990294802300542,plausible,
near,leopard,6924,546,frog,-8.530889511108398,-5.780368304252624,2.7505212068557743,0.9991753499918181,surprising,
far,chair,2470,1005,airplane,-8.517510414123535,-5.780368304252624,2.737142109870911,0.998393502332272,surprising,
far,chair,9600,1575,airplane,-8.511770248413086,-5.780368304252624,2.731401944160462,0.9980525431041034,surprising,
near,bus,3755,273,truck,-8.511697769165039,-5.780368304252624,2.731329464912415,0.998675056203684,plausible,
far,chair,6245,1312,airplane,-8.506752967834473,-5.780368304252624,2.7263846635818485,0.9989189770139736,surprising,
far,bowl,2302,993,frog,-8.506658554077148,-5.780368304252624,2.7262902498245243,0.9984742875872215,surprising,
far,bowl,6079,1289,dog,-8.491608619689941,-5.780368304252624,2.7112403154373172,0.9986363717614466,surprising,
near,wolf,2842,209,cat,-8.488581657409668,-5.780368304252624,2.708213353157044,0.998626330143554,plausible,
far,keyboard,6543,1340,truck,-8.477357864379883,-5.780368304252624,2.6969895601272587,0.9941796141205658,surprising,
near,camel,6616,531,dog,-8.47270393371582,-5.780368304252624,2.692335629463196,0.9979658288228342,surprising,
near,wolf,6132,493,dog,-8.465780258178711,-5.780368304252624,2.685411953926087,0.9853639209058646,plausible,
far,chair,2086,973,airplane,-8.459365844726562,-5.780368304252624,2.6789975404739383,0.9974086946550363,surprising,
near,pickup_truck,2321,174,automobile,-8.445334434509277,-5.780368304252624,2.664966130256653,0.9991253867257264,plausible,
near,pickup_truck,1212,93,automobile,-8.444457054138184,-5.780368304252624,2.6640887498855594,0.9981884293351315,plausible,
far,bowl,8590,1498,dog,-8.436840057373047,-5.780368304252624,2.6564717531204227,0.9981411646109354,surprising,
near,camel,1572,122,deer,-8.434226989746094,-5.780368304252624,2.6538586854934696,0.9988350854944612,plausible,
far,sunflower,611,851,dog,-8.425530433654785,-5.780368304252624,2.645162129402161,0.9946782896170524,surprising,
far,clock,618,853,ship,-8.420332908630371,-5.780368304252624,2.639964604377747,0.9981125953237568,surprising,
far,mushroom,1138,899,bird,-8.411643028259277,-5.780368304252624,2.631274724006653,0.9968870171392106,surprising,
far,wardrobe,4933,1202,truck,-8.402297019958496,-5.780368304252624,2.621928715705872,0.9952601362011343,surprising,
near,tractor,3532,251,truck,-8.397716522216797,-5.780368304252624,2.6173482179641727,0.9989465694510428,plausible,
far,chair,4847,1195,bird,-8.391743659973145,-5.780368304252624,2.6113753557205204,0.9983136640205005,surprising,
far,chair,6233,1308,airplane,-8.38723087310791,-5.780368304252624,2.606862568855286,0.9980270091034555,surprising,
far,mushroom,3502,1093,frog,-8.373844146728516,-5.780368304252624,2.5934758424758915,0.997007886071543,surprising,
near,leopard,5231,414,frog,-8.35047721862793,-5.780368304252624,2.5701089143753055,0.9937228788423026,surprising,
near,wolf,9768,779,cat,-8.346883773803711,-5.780368304252624,2.566515469551087,0.9985538693742938,plausible,
near,pickup_truck,36,2,truck,-8.344159126281738,-5.780368304252624,2.563790822029114,0.9941652835631016,plausible,
near,fox,8762,702,cat,-8.330159187316895,-5.780368304252624,2.5497908830642704,0.9923465509821426,plausible,
near,fox,1133,87,deer,-8.303765296936035,-5.780368304252624,2.523396992683411,0.9984877452939475,plausible,
far,keyboard,8406,1482,airplane,-8.303122520446777,-5.780368304252624,2.522754216194153,0.992381363245536,surprising,
near,camel,8604,685,deer,-8.303044319152832,-5.780368304252624,2.522676014900208,0.9958221130937944,plausible,
far,bottle,5981,1278,cat,-8.298246383666992,-5.780368304252624,2.517878079414368,0.9939911430725069,surprising,
far,wardrobe,8740,1509,cat,-8.292671203613281,-5.780368304252624,2.512302899360657,0.9987014690983931,surprising,
near,bus,3887,285,truck,-8.28922176361084,-5.780368304252624,2.5088534593582157,0.9971364387617321,plausible,
near,leopard,3104,226,cat,-8.274556159973145,-5.780368304252624,2.4941878557205204,0.9946836779353687,plausible,
near,fox,3605,258,dog,-8.263191223144531,-5.780368304252624,2.482822918891907,0.9981227954528072,plausible,
far,bowl,6804,1367,frog,-8.2595796585083,-5.780368304252624,2.4792113542556766,0.9958695494483216,surprising,
far,wardrobe,220,823,truck,-8.258694648742676,-5.780368304252624,2.4783263444900516,0.9949713659194463,surprising,
near,tractor,6807,542,truck,-8.243613243103027,-5.780368304252624,2.463244938850403,0.9979693170821055,plausible,
far,chair,2965,1043,airplane,-8.240328788757324,-5.780368304252624,2.4599604845047,0.9983669589003457,surprising,
near,wolf,4602,348,dog,-8.23992919921875,-5.780368304252624,2.459560894966126,0.9874901727031258,plausible,
near,fox,4277,315,dog,-8.234498023986816,-5.780368304252624,2.4541297197341922,0.9981399965982793,plausible,
far,wardrobe,647,857,cat,-8.225666999816895,-5.780368304252624,2.4452986955642704,0.9951213588057491,surprising,
near,leopard,6055,487,cat,-8.215465545654297,-5.780368304252624,2.4350972414016727,0.995320653751044,plausible,
near,bus,5920,480,truck,-8.211134910583496,-5.780368304252624,2.430766606330872,0.9973214998842939,plausible,
near,pickup_truck,1491,116,automobile,-8.203502655029297,-5.780368304252624,2.4231343507766727,0.9986202778098657,plausible,
near,fox,669,49,deer,-8.192777633666992,-5.780368304252624,2.412409329414368,0.9601563554384839,plausible,
near,fox,351,28,cat,-8.188393592834473,-5.780368304252624,2.4080252885818485,0.9918668865720603,plausible,
near,tractor,4404,330,truck,-8.18824577331543,-5.780368304252624,2.4078774690628055,0.9985565774103154,plausible,
far,clock,6841,1370,ship,-8.184304237365723,-5.780368304252624,2.4039359331130985,0.996897428842587,surprising,
near,pickup_truck,7559,601,automobile,-8.181565284729004,-5.780368304252624,2.4011969804763797,0.9983984063185105,plausible,
far,wardrobe,6413,1325,truck,-8.174432754516602,-5.780368304252624,2.3940644502639774,0.9700780540014977,surprising,
near,leopard,2570,190,cat,-8.165749549865723,-5.780368304252624,2.3853812456130985,0.9977052967461533,plausible,
near,leopard,1843,140,deer,-8.157190322875977,-5.780368304252624,2.3768220186233524,0.9979371230882448,plausible,
near,fox,7973,636,dog,-8.146366119384766,-5.780368304252624,2.3659978151321415,0.9964132600760048,plausible,
near,leopard,4677,354,cat,-8.140645980834961,-5.780368304252624,2.360277676582337,0.9979796369476192,plausible,
far,wardrobe,3702,1106,truck,-8.129082679748535,-5.780368304252624,2.348714375495911,0.9958561570800752,surprising,
near,leopard,5698,460,frog,-8.121386528015137,-5.780368304252624,2.3410182237625126,0.9984660812818673,surprising,
near,camel,915,68,dog,-8.114014625549316,-5.780368304252624,2.3336463212966922,0.9779619399169469,surprising,
near,fox,969,76,cat,-8.107421875,-5.780368304252624,2.327053570747376,0.9901610781689871,plausible,
far,sunflower,8378,1481,dog,-8.106025695800781,-5.780368304252624,2.325657391548157,0.9967627510582099,surprising,
near,pickup_truck,2012,150,automobile,-8.089691162109375,-5.780368304252624,2.309322857856751,0.9884293180409864,plausible,
near,motorcycle,3376,244,automobile,-8.075952529907227,-5.780368304252624,2.2955842256546024,0.9977018344305725,plausible,
near,bus,1427,109,automobile,-8.074193954467773,-5.780368304252624,2.2938256502151493,0.9932354208396716,plausible,
near,pickup_truck,1568,120,automobile,-8.059464454650879,-5.780368304252624,2.2790961503982547,0.9953512311959296,plausible,
near,camel,7194,567,deer,-8.05506706237793,-5.780368304252624,2.2746987581253055,0.9944636245384568,plausible,
near,bus,822,64,truck,-8.048681259155273,-5.780368304252624,2.2683129549026493,0.9980012646152042,plausible,
near,pickup_truck,149,8,automobile,-8.040725708007812,-5.780368304252624,2.2603574037551883,0.9945852165708373,plausible,
far,wardrobe,5565,1244,cat,-8.04015827178955,-5.780368304252624,2.2597899675369266,0.9948742232505269,surprising,
near,tractor,9288,746,truck,-8.031723022460938,-5.780368304252624,2.2513547182083133,0.9983426662272611,plausible,
near,fox,8187,657,cat,-8.018811225891113,-5.780368304252624,2.238442921638489,0.9973579020619201,plausible,
far,clock,1982,964,automobile,-8.001213073730469,-5.780368304252624,2.2208447694778446,0.9769836746196733,surprising,
near,leopard,7412,589,frog,-7.992563247680664,-5.780368304252624,2.21219494342804,0.995272090062924,surprising,
near,bus,619,43,automobile,-7.987992763519287,-5.780368304252624,2.207624459266663,0.9920782860146425,plausible,
far,wardrobe,1944,961,truck,-7.984649181365967,-5.780368304252624,2.2042808771133426,0.9776734031487055,surprising,
far,bottle,7012,1385,cat,-7.979929447174072,-5.780368304252624,2.199561142921448,0.9956544044802633,surprising,
near,wolf,6178,499,dog,-7.9718852043151855,-5.780368304252624,2.1915169000625614,0.9976190146334937,plausible,
far,sunflower,67,805,dog,-7.968047142028809,-5.780368304252624,2.1876788377761844,0.9962623803702109,surprising,
near,tractor,4691,355,truck,-7.961488723754883,-5.780368304252624,2.1811204195022587,0.997516579741871,plausible,
far,chair,613,852,ship,-7.957640647888184,-5.780368304252624,2.1772723436355594,0.9958240512283135,surprising,
far,chair,5096,1215,airplane,-7.957509517669678,-5.780368304252624,2.1771412134170536,0.9922484845715048,surprising,
near,fox,6162,496,cat,-7.954395294189453,-5.780368304252624,2.174026989936829,0.9918286661760377,plausible,
near,pickup_truck,803,61,automobile,-7.9531168937683105,-5.780368304252624,2.1727485895156864,0.9950041444810466,plausible,
far,clock,6981,1383,ship,-7.951844215393066,-5.780368304252624,2.1714759111404422,0.99296917013693,surprising,
near,fox,3760,274,cat,-7.937281131744385,-5.780368304252624,2.1569128274917606,0.9981685900422916,plausible,
near,camel,2051,154,horse,-7.9364237785339355,-5.780368304252624,2.1560554742813114,0.9905647000019311,plausible,
far,wardrobe,5082,1213,truck,-7.929865837097168,-5.780368304252624,2.149497532844544,0.6945477817445033,surprising,
far,mushroom,6558,1341,bird,-7.922236442565918,-5.780368304252624,2.141868138313294,0.9949784439667171,surprising,
near,motorcycle,9205,737,automobile,-7.921514987945557,-5.780368304252624,2.1411466836929325,0.9965341054277257,plausible,
far,mushroom,8962,1524,bird,-7.916203498840332,-5.780368304252624,2.135835194587708,0.9837677945452644,surprising,
far,clock,4174,1145,cat,-7.9058756828308105,-5.780368304252624,2.1255073785781864,0.9838098761729124,surprising,
near,camel,9362,751,horse,-7.9053730964660645,-5.780368304252624,2.1250047922134403,0.993957394327344,plausible,
far,keyboard,1963,963,airplane,-7.898959159851074,-5.780368304252624,2.11859085559845,0.9967294253094,surprising,
far,wardrobe,8804,1514,cat,-7.891093730926514,-5.780368304252624,2.1107254266738895,0.9918989910007395,surprising,
near,leopard,7367,581,cat,-7.886884689331055,-5.780368304252624,2.1065163850784305,0.9973394515407666,plausible,
far,wardrobe,4382,1164,cat,-7.884498119354248,-5.780368304252624,2.104129815101624,0.963330951637305,surprising,
near,fox,7503,598,dog,-7.884319305419922,-5.780368304252624,2.1039510011672977,0.986768425986081,plausible,
near,tractor,921,69,truck,-7.883673191070557,-5.780368304252624,2.1033048868179325,0.9977866024020672,plausible,
far,wardrobe,328,828,truck,-7.8777289390563965,-5.780368304252624,2.0973606348037723,0.9957442398604232,surprising,
far,wardrobe,194,822,cat,-7.875351428985596,-5.780368304252624,2.0949831247329715,0.9964362485081044,surprising,
near,fox,8109,647,deer,-7.871966361999512,-5.780368304252624,2.0915980577468876,0.9940809577170377,plausible,
near,camel,5519,447,deer,-7.871450901031494,-5.780368304252624,2.09108259677887,0.9748429941949532,plausible,
near,tractor,2956,218,truck,-7.858799457550049,-5.780368304252624,2.0784311532974247,0.9973043822541059,plausible,
far,sunflower,8475,1487,bird,-7.851747512817383,-5.780368304252624,2.0713792085647587,0.9448822125975028,surprising,
near,wolf,1026,80,dog,-7.84685754776001,-5.780368304252624,2.0664892435073856,0.9960906041806107,plausible,
near,pickup_truck,2396,180,automobile,-7.845395565032959,-5.780368304252624,2.065027260780335,0.988724239265728,plausible,
near,wolf,5291,419,dog,-7.841907978057861,-5.780368304252624,2.061539673805237,0.9876185969743013,plausible,
near,motorcycle,1023,79,truck,-7.841365337371826,-5.780368304252624,2.060997033119202,0.9940786361270121,plausible,
far,clock,5414,1236,cat,-7.834968566894531,-5.780368304252624,2.054600262641907,0.9949451922303442,surprising,
far,wardrobe,7607,1428,truck,-7.834517955780029,-5.780368304252624,2.054149651527405,0.9412477948131593,surprising,
far,clock,3282,1068,cat,-7.826451778411865,-5.780368304252624,2.046083474159241,0.9625728391218245,surprising,
near,motorcycle,5486,443,automobile,-7.820667266845703,-5.780368304252624,2.040298962593079,0.9973187773238329,plausible,
far,bowl,1714,940,ship,-7.8140482902526855,-5.780368304252624,2.0336799860000614,0.9875397007716343,surprising,
far,wardrobe,8531,1491,truck,-7.813261985778809,-5.780368304252624,2.0328936815261844,0.9850108972625479,surprising,
far,clock,6774,1362,bird,-7.811124324798584,-5.780368304252624,2.03075602054596,0.9949595646472079,surprising,
near,wolf,8535,681,cat,-7.804901123046875,-5.780368304252624,2.024532818794251,0.9797766655507921,plausible,
far,mushroom,9997,1599,airplane,-7.801590919494629,-5.780368304252624,2.0212226152420047,0.993640107554874,surprising,
far,sunflower,9681,1578,cat,-7.791298866271973,-5.780368304252624,2.0109305620193485,0.9970558366193688,surprising,
near,camel,811,63,deer,-7.788799285888672,-5.780368304252624,2.0084309816360477,0.99032023606671,plausible,
near,leopard,58,4,cat,-7.770320415496826,-5.780368304252624,1.989952111244202,0.9971424676948606,plausible,
near,bus,6791,541,airplane,-7.768751621246338,-5.780368304252624,1.9883833169937137,0.9777742333663807,surprising,
near,tractor,6930,547,truck,-7.767659664154053,-5.780368304252624,1.9872913599014286,0.9976032651768539,plausible,
far,sunflower,7776,1443,bird,-7.765339374542236,-5.780368304252624,1.9849710702896122,0.987659297818388,surprising,
near,motorcycle,2033,153,airplane,-7.763421058654785,-5.780368304252624,1.983052754402161,0.9965816657118037,surprising,
far,mushroom,1820,951,frog,-7.761054039001465,-5.780368304252624,1.9806857347488407,0.9924073488189991,surprising,
near,wolf,897,65,cat,-7.760379791259766,-5.780368304252624,1.9800114870071415,0.9955511968236695,plausible,
near,motorcycle,5572,451,automobile,-7.75889778137207,-5.780368304252624,1.9785294771194462,0.987079602939851,plausible,
far,bowl,2176,981,ship,-7.751934051513672,-5.780368304252624,1.9715657472610477,0.9969197774711772,surprising,
far,keyboard,5777,1265,airplane,-7.749812602996826,-5.780368304252624,1.969444298744202,0.9981452839049955,surprising,
near,camel,8598,684,deer,-7.745767116546631,-5.780368304252624,1.9653988122940067,0.9932550927993206,plausible,
near,tractor,1081,83,truck,-7.744431018829346,-5.780368304252624,1.9640627145767215,0.9818849532698825,plausible,
near,leopard,6735,537,cat,-7.735406398773193,-5.780368304252624,1.9550380945205692,0.9963458102961282,plausible,
far,mushroom,1454,917,bird,-7.731909275054932,-5.780368304252624,1.9515409708023075,0.9740270866038316,surprising,
near,fox,4706,358,cat,-7.719645023345947,-5.780368304252624,1.939276719093323,0.9923400989899117,plausible,
near,leopard,945,72,frog,-7.715868949890137,-5.780368304252624,1.9355006456375126,0.9790456644233507,surprising,
far,mushroom,3305,1074,frog,-7.713617324829102,-5.780368304252624,1.9332490205764774,0.9972284117240567,surprising,
far,bowl,4471,1171,frog,-7.707395553588867,-5.780368304252624,1.927027249336243,0.9943109555545873,surprising,
near,fox,2828,205,cat,-7.699435234069824,-5.780368304252624,1.9190669298172,0.9887494522447989,plausible,
near,leopard,1324,101,frog,-7.691046237945557,-5.780368304252624,1.9106779336929325,0.9970005518345103,surprising,
far,sunflower,9920,1596,cat,-7.687510013580322,-5.780368304252624,1.907141709327698,0.9809282982817429,surprising,
near,camel,5249,415,dog,-7.684096813201904,-5.780368304252624,1.9037285089492801,0.9844192017926499,surprising,
far,bowl,3730,1110,cat,-7.6744232177734375,-5.780368304252624,1.8940549135208133,0.9934007572501599,surprising,
near,fox,2336,175,deer,-7.674402236938477,-5.780368304252624,1.8940339326858524,0.9954608308268156,plausible,
near,camel,5664,457,dog,-7.671461582183838,-5.780368304252624,1.8910932779312137,0.9699669483035134,surprising,
near,motorcycle,3732,270,truck,-7.666860580444336,-5.780368304252624,1.8864922761917118,0.9962533766093759,plausible,
far,wardrobe,9270,1553,cat,-7.66581392288208,-5.780368304252624,1.885445618629456,0.9683522779780422,surprising,
near,bus,4468,339,truck,-7.664608001708984,-5.780368304252624,1.8842396974563602,0.9822934053948797,plausible,
near,fox,6816,543,dog,-7.652028560638428,-5.780368304252624,1.8716602563858036,0.9352808427093994,plausible,
near,leopard,5449,435,frog,-7.6508684158325195,-5.780368304252624,1.8705001115798954,0.9965186120929375,surprising,
far,clock,9303,1554,automobile,-7.650275707244873,-5.780368304252624,1.869907402992249,0.9813811617831502,surprising,
near,tractor,4610,350,truck,-7.645054340362549,-5.780368304252624,1.8646860361099247,0.9873776617673972,plausible,
far,wardrobe,3853,1118,truck,-7.643407821655273,-5.780368304252624,1.8630395174026493,0.9509257854527056,surprising,
far,mushroom,3742,1112,cat,-7.631546974182129,-5.780368304252624,1.8511786699295047,0.9938323355142761,surprising,
near,tractor,4027,296,truck,-7.6274824142456055,-5.780368304252624,1.8471141099929813,0.9837767494601797,plausible,
near,bus,3701,267,truck,-7.612594127655029,-5.780368304252624,1.8322258234024051,0.9931837263001649,plausible,
far,mushroom,1760,942,bird,-7.60435152053833,-5.780368304252624,1.823983216285706,0.9938965771263355,surprising,
far,bowl,874,876,automobile,-7.602344036102295,-5.780368304252624,1.8219757318496708,0.9956048548042349,surprising,
near,pickup_truck,5756,467,automobile,-7.594300746917725,-5.780368304252624,1.8139324426651005,0.9861323236617269,plausible,
near,tractor,8329,665,truck,-7.577672004699707,-5.780368304252624,1.7973037004470829,0.9942818537758085,plausible,
near,motorcycle,7110,557,airplane,-7.559918403625488,-5.780368304252624,1.7795500993728641,0.9902481096467097,surprising,
near,leopard,6061,488,cat,-7.559543609619141,-5.780368304252624,1.7791753053665165,0.9692616196625455,plausible,
far,bowl,4252,1152,cat,-7.558754920959473,-5.780368304252624,1.7783866167068485,0.9691763560809927,surprising,
far,chair,1434,914,airplane,-7.552302360534668,-5.780368304252624,1.7719340562820438,0.9956874957400242,surprising,
far,chair,3203,1061,airplane,-7.550008296966553,-5.780368304252624,1.7696399927139286,0.9872089442083244,surprising,
near,wolf,3849,279,cat,-7.543277263641357,-5.780368304252624,1.7629089593887333,0.9851888936180015,plausible,
near,wolf,8918,710,cat,-7.543046474456787,-5.780368304252624,1.762678170204163,0.9895494761368713,plausible,
near,bus,9815,782,automobile,-7.541940689086914,-5.780368304252624,1.76157238483429,0.9766342452133022,plausible,
near,bus,4788,364,automobile,-7.530949592590332,-5.780368304252624,1.7505812883377079,0.9563590767380574,plausible,
near,motorcycle,3054,224,airplane,-7.530374526977539,-5.780368304252624,1.750006222724915,0.9916641312390995,surprising,
near,fox,242,15,horse,-7.529289245605469,-5.780368304252624,1.7489209413528446,0.9958267068685633,surprising,
near,motorcycle,5114,397,cat,-7.528770446777344,-5.780368304252624,1.7484021425247196,0.9788330427294334,surprising,
near,tractor,9019,725,truck,-7.52345085144043,-5.780368304252624,1.7430825471878055,0.9973381116070453,plausible,
near,tractor,6866,544,truck,-7.520793914794922,-5.780368304252624,1.7404256105422977,0.995075196124123,plausible,
far,keyboard,2562,1013,truck,-7.520717144012451,-5.780368304252624,1.740348839759827,0.9744851656880359,surprising,
near,fox,6545,525,deer,-7.517643928527832,-5.780368304252624,1.7372756242752079,0.9954491408417261,plausible,
near,camel,3831,277,horse,-7.512299060821533,-5.780368304252624,1.731930756568909,0.9958787041206529,plausible,
near,camel,992,77,horse,-7.507524490356445,-5.780368304252624,1.7271561861038212,0.9936200023304594,plausible,
near,wolf,4285,318,dog,-7.504668712615967,-5.780368304252624,1.7243004083633426,0.9953219300273909,plausible,
near,camel,8648,690,bird,-7.499932289123535,-5.780368304252624,1.719563984870911,0.9897428995648476,surprising,
near,leopard,4992,378,cat,-7.497628688812256,-5.780368304252624,1.7172603845596317,0.9135883833135745,plausible,
near,tractor,2871,211,truck,-7.482168197631836,-5.780368304252624,1.7017998933792118,0.9951133132164752,plausible,
near,wolf,3886,284,dog,-7.482161998748779,-5.780368304252624,1.7017936944961551,0.9903854869927319,plausible,
far,bowl,163,817,automobile,-7.459317207336426,-5.780368304252624,1.6789489030838016,0.9904807671330734,surprising,
near,tractor,321,26,truck,-7.458144187927246,-5.780368304252624,1.677775883674622,0.9955476216329057,plausible,
near,camel,5253,416,dog,-7.449511528015137,-5.780368304252624,1.6691432237625126,0.9937574917460799,surprising,
near,pickup_truck,5932,481,truck,-7.449279308319092,-5.780368304252624,1.6689110040664676,0.979581932608796,plausible,
near,leopard,259,18,cat,-7.43912935256958,-5.780368304252624,1.658761048316956,0.9342649628743793,plausible,
far,wardrobe,4171,1144,cat,-7.4292426109313965,-5.780368304252624,1.6488743066787723,0.95712924193026,surprising,
far,bowl,8004,1461,cat,-7.421867370605469,-5.780368304252624,1.6414990663528446,0.9869956232684007,surprising,
near,camel,8231,659,horse,-7.418889045715332,-5.780368304252624,1.6385207414627079,0.9903332528967485,plausible,
near,leopard,9612,769,frog,-7.414939880371094,-5.780368304252624,1.6345715761184696,0.9870767365943083,surprising,
near,wolf,2986,219,dog,-7.413877010345459,-5.780368304252624,1.6335087060928348,0.9933663202305649,plausible,
far,bottle,5810,1267,ship,-7.413618087768555,-5.780368304252624,1.6332497835159305,0.9938106956200289,surprising,
near,bus,3564,256,truck,-7.412891864776611,-5.780368304252624,1.6325235605239872,0.9917705077603044,plausible,
near,wolf,5781,469,cat,-7.403205394744873,-5.780368304252624,1.622837090492249,0.9702172487744761,plausible,
far,chair,2576,1014,truck,-7.402626037597656,-5.780368304252624,1.622257733345032,0.9886464098826431,surprising,
far,keyboard,5940,1275,cat,-7.401289939880371,-5.780368304252624,1.620921635627747,0.9948134146399135,surprising,
near,leopard,3074,225,cat,-7.400018692016602,-5.780368304252624,1.6196503877639774,0.9912839555220067,plausible,
far,sunflower,3429,1089,cat,-7.392601490020752,-5.780368304252624,1.6122331857681278,0.9952102897522148,surprising,
far,keyboard,6131,1294,truck,-7.3821539878845215,-5.780368304252624,1.6017856836318973,0.9930457687650122,surprising,
near,bus,4998,379,truck,-7.382020473480225,-5.780368304252624,1.6016521692276005,0.9856177427639946,plausible,
far,wardrobe,6809,1368,truck,-7.37933349609375,-5.780368304252624,1.5989651918411258,0.9159213441306275,surprising,
near,camel,5029,387,deer,-7.372547149658203,-5.780368304252624,1.592178845405579,0.976789197072423,plausible,
near,leopard,6767,539,frog,-7.370079040527344,-5.780368304252624,1.5897107362747196,0.9879779079721622,surprising,
far,mushroom,7632,1432,frog,-7.366106986999512,-5.780368304252624,1.5857386827468876,0.9951154245369956,surprising,
far,wardrobe,9186,1547,truck,-7.361976623535156,-5.780368304252624,1.581608319282532,0.6199192528184685,surprising,
near,camel,7445,593,deer,-7.3506999015808105,-5.780368304252624,1.5703315973281864,0.9821544774428947,plausible,
near,motorcycle,6730,536,airplane,-7.33652925491333,-5.780368304252624,1.556160950660706,0.9948325289229493,surprising,
near,wolf,4225,310,frog,-7.325921058654785,-5.780368304252624,1.545552754402161,0.9911647605377492,surprising,
far,clock,1806,947,cat,-7.325396537780762,-5.780368304252624,1.5450282335281376,0.9837244473078885,surprising,
near,pickup_truck,7962,635,truck,-7.320278644561768,-5.780368304252624,1.5399103403091434,0.9960466138150483,plausible,
far,sunflower,6845,1372,bird,-7.319362640380859,-5.780368304252624,1.5389943361282352,0.9427957403485943,surprising,
near,tractor,3484,248,truck,-7.3084306716918945,-5.780368304252624,1.5280623674392704,0.9888298009861286,plausible,
near,bus,8023,641,truck,-7.290750980377197,-5.780368304252624,1.510382676124573,0.9942373187450813,plausible,
far,clock,4321,1155,truck,-7.282680511474609,-5.780368304252624,1.5023122072219852,0.9894675675185054,surprising,
far,chair,880,877,cat,-7.281556129455566,-5.780368304252624,1.5011878252029422,0.9938189561841547,surprising,
near,leopard,9914,790,frog,-7.279349327087402,-5.780368304252624,1.4989810228347782,0.9918011159574607,surprising,
far,wardrobe,7171,1395,truck,-7.2745819091796875,-5.780368304252624,1.4942136049270633,0.7749057050437929,surprising,
far,bottle,3232,1065,ship,-7.270774841308594,-5.780368304252624,1.4904065370559696,0.9901793707784289,surprising,
far,wardrobe,1415,911,truck,-7.255216598510742,-5.780368304252624,1.474848294258118,0.9546591708830764,surprising,
near,camel,7200,568,bird,-7.2549729347229,-5.780368304252624,1.4746046304702762,0.9638265316434214,surprising,
near,fox,8132,649,dog,-7.253817081451416,-5.780368304252624,1.4734487771987919,0.5770674035752236,plausible,
near,leopard,313,24,cat,-7.238049030303955,-5.780368304252624,1.457680726051331,0.8688250275865211,plausible,
far,sunflower,3770,1115,bird,-7.2329254150390625,-5.780368304252624,1.4525571107864383,0.9848289046757464,surprising,
near,leopard,8904,708,frog,-7.231412410736084,-5.780368304252624,1.4510441064834598,0.9312315948830504,surprising,
far,bottle,1562,929,bird,-7.227936744689941,-5.780368304252624,1.4475684404373172,0.9962558961758392,surprising,
near,bus,3478,247,truck,-7.225492000579834,-5.780368304252624,1.4451236963272098,0.9812964213805019,plausible,
near,leopard,8454,673,cat,-7.219054222106934,-5.780368304252624,1.4386859178543094,0.8992377726134282,plausible,
near,tractor,5550,449,truck,-7.216358661651611,-5.780368304252624,1.4359903573989872,0.9819698141486048,plausible,
near,motorcycle,6279,500,automobile,-7.214789390563965,-5.780368304252624,1.4344210863113407,0.9899091659004081,plausible,
near,fox,338,27,cat,-7.214141368865967,-5.780368304252624,1.4337730646133426,0.5500682520925065,plausible,
near,camel,5516,446,bird,-7.211981296539307,-5.780368304252624,1.4316129922866825,0.9683919908135444,surprising,
far,bowl,9102,1537,frog,-7.209885120391846,-5.780368304252624,1.4295168161392215,0.9894375151142222,surprising,
near,camel,9014,723,cat,-7.205197811126709,-5.780368304252624,1.4248295068740848,0.9871224242068419,surprising,
near,leopard,7950,634,dog,-7.198639869689941,-5.780368304252624,1.4182715654373172,0.9865196297906685,plausible,
near,leopard,1328,103,dog,-7.193500518798828,-5.780368304252624,1.413132214546204,0.9464058253050552,plausible,
far,bottle,864,873,truck,-7.185671329498291,-5.780368304252624,1.4053030252456669,0.9898214796749161,surprising,
far,bowl,7784,1445,cat,-7.180979251861572,-5.780368304252624,1.400610947608948,0.9901606619275053,surprising,
near,wolf,1752,133,cat,-7.178682327270508,-5.780368304252624,1.3983140230178837,0.9865022860880237,plausible,
far,bottle,1932,960,ship,-7.175522804260254,-5.780368304252624,1.3951545000076297,0.9889394937338931,surprising,
near,fox,3823,276,dog,-7.173184871673584,-5.780368304252624,1.3928165674209598,0.9688665752359114,plausible,
near,tractor,283,21,truck,-7.170182704925537,-5.780368304252624,1.389814400672913,0.9917055395790483,plausible,
far,mushroom,6729,1357,bird,-7.169644832611084,-5.780368304252624,1.3892765283584598,0.9822219456093706,surprising,
near,leopard,555,40,cat,-7.163528919219971,-5.780368304252624,1.3831606149673465,0.857793318389638,plausible,
near,fox,1227,95,dog,-7.161807060241699,-5.780368304252624,1.381438755989075,0.8628098593074238,plausible,
near,leopard,6401,511,frog,-7.160663604736328,-5.780368304252624,1.380295300483704,0.9748160870719939,surprising,
far,bottle,1318,907,cat,-7.159250259399414,-5.780368304252624,1.37888195514679,0.5263429984798613,surprising,
far,mushroom,953,882,bird,-7.146200656890869,-5.780368304252624,1.365832352638245,0.9807254749450898,surprising,
near,tractor,2911,214,ship,-7.140519618988037,-5.780368304252624,1.360151314735413,0.9941971166474368,surprising,
near,leopard,9998,799,frog,-7.132808208465576,-5.780368304252624,1.352439904212952,0.9025247976733225,surprising,
near,bus,3868,281,automobile,-7.129276752471924,-5.780368304252624,1.3489084482192997,0.9754950006452809,plausible,
near,tractor,5696,459,truck,-7.125553607940674,-5.780368304252624,1.3451853036880497,0.9895723106240414,plausible,
near,leopard,9238,740,frog,-7.121310710906982,-5.780368304252624,1.3409424066543583,0.9922351880752499,surprising,
far,wardrobe,5825,1269,cat,-7.118730068206787,-5.780368304252624,1.338361763954163,0.9727494439959647,surprising,
near,tractor,7590,608,truck,-7.11816930770874,-5.780368304252624,1.337801003456116,0.9721312947431345,plausible,
far,sunflower,7991,1460,dog,-7.118163585662842,-5.780368304252624,1.3377952814102176,0.9911698376782576,surprising,
near,bus,8596,683,truck,-7.115714073181152,-5.780368304252624,1.3353457689285282,0.9867915568518922,plausible,
near,fox,1783,136,cat,-7.113271713256836,-5.780368304252624,1.3329034090042118,0.9815740226157522,plausible,
far,sunflower,1231,903,bird,-7.112747669219971,-5.780368304252624,1.3323793649673465,0.943404650450998,surprising,
near,motorcycle,2082,158,automobile,-7.112423896789551,-5.780368304252624,1.3320555925369266,0.9629132826326153,plausible,
far,chair,3293,1070,airplane,-7.096319198608398,-5.780368304252624,1.3159508943557743,0.9832603624490324,surprising,
near,bus,7441,592,truck,-7.094700336456299,-5.780368304252624,1.3143320322036747,0.9869269407478392,plausible,
near,bus,6411,513,truck,-7.0940752029418945,-5.780368304252624,1.3137068986892704,0.9439011350463774,plausible,
near,leopard,4611,351,frog,-7.092060089111328,-5.780368304252624,1.311691784858704,0.9074517740920736,surprising,
near,camel,4519,345,bird,-7.090297698974609,-5.780368304252624,1.3099293947219852,0.9793169104594657,surprising,
near,wolf,2618,193,cat,-7.090181827545166,-5.780368304252624,1.3098135232925419,0.9936386200943785,plausible,
near,pickup_truck,8391,668,truck,-7.088268280029297,-5.780368304252624,1.3078999757766727,0.9813045516791488,plausible,
near,motorcycle,9276,745,airplane,-7.086329460144043,-5.780368304252624,1.3059611558914188,0.9887516479917846,surprising,
near,camel,5293,420,horse,-7.082513332366943,-5.780368304252624,1.3021450281143192,0.9839192094300925,plausible,
far,bowl,1680,937,ship,-7.078314304351807,-5.780368304252624,1.2979460000991825,0.9867272570073871,surprising,
far,mushroom,1987,965,bird,-7.071683406829834,-5.780368304252624,1.2913151025772098,0.9844959676262941,surprising,
near,fox,6469,521,deer,-7.0684494972229,-5.780368304252624,1.2880811929702762,0.9903260139311901,plausible,
near,wolf,4153,305,cat,-7.065404891967773,-5.780368304252624,1.2850365877151493,0.9587487462254198,plausible,
near,motorcycle,7806,622,truck,-7.0639495849609375,-5.780368304252624,1.2835812807083133,0.9799553459488145,plausible,
near,fox,7248,572,dog,-7.059205532073975,-5.780368304252624,1.2788372278213505,0.8633680169221405,plausible,
near,pickup_truck,8519,680,automobile,-7.055214881896973,-5.780368304252624,1.2748465776443485,0.9842885027755207,plausible,
near,fox,4341,326,airplane,-7.052845001220703,-5.780368304252624,1.272476696968079,0.935646305893486,surprising,
far,sunflower,5155,1219,dog,-7.049939155578613,-5.780368304252624,1.2695708513259891,0.9822347482575652,surprising,
near,motorcycle,7569,605,automobile,-7.04688024520874,-5.780368304252624,1.266511940956116,0.986863826957764,plausible,
far,wardrobe,2432,1001,truck,-7.045567989349365,-5.780368304252624,1.265199685096741,0.6907468825774964,surprising,
near,wolf,6160,495,cat,-7.044496536254883,-5.780368304252624,1.2641282320022587,0.9812990772595346,plausible,
near,fox,2435,183,cat,-7.039488792419434,-5.780368304252624,1.2591204881668094,0.6897266570541459,plausible,
near,fox,5084,392,cat,-7.038767337799072,-5.780368304252624,1.258399033546448,0.9592554612453502,plausible,
far,wardrobe,7694,1435,cat,-7.035070896148682,-5.780368304252624,1.2547025918960575,0.9836996584613579,surprising,
far,chair,3409,1088,airplane,-7.031811237335205,-5.780368304252624,1.251442933082581,0.9916073950331203,surprising,
near,leopard,9058,729,frog,-7.027682304382324,-5.780368304252624,1.2473140001297,0.9788900648650399,surprising,
far,bottle,4981,1206,truck,-7.027649879455566,-5.780368304252624,1.2472815752029422,0.9554998369053517,surprising,
near,pickup_truck,5149,402,truck,-7.02467679977417,-5.780368304252624,1.2443084955215458,0.9920289069759808,plausible,
near,pickup_truck,8165,653,automobile,-7.017538547515869,-5.780368304252624,1.237170243263245,0.9644983813098503,plausible,
far,bottle,6089,1290,ship,-7.012627601623535,-5.780368304252624,1.232259297370911,0.9758854275825637,surprising,
near,pickup_truck,1155,90,automobile,-7.011541843414307,-5.780368304252624,1.2311735391616825,0.929998269826196,plausible,
near,pickup_truck,8693,694,truck,-7.007404327392578,-5.780368304252624,1.227036023139954,0.9581015236715039,plausible,
far,bowl,2300,992,bird,-7.001595497131348,-5.780368304252624,1.2212271928787235,0.9754479382231283,surprising,
far,clock,6500,1334,cat,-6.995504379272461,-5.780368304252624,1.2151360750198368,0.9895815145193015,surprising,
near,pickup_truck,3933,291,automobile,-6.990808963775635,-5.780368304252624,1.2104406595230106,0.9854398633924136,plausible,
far,bottle,2822,1033,ship,-6.979664325714111,-5.780368304252624,1.1992960214614872,0.9889177188864969,surprising,
far,bottle,6507,1335,bird,-6.97861909866333,-5.780368304252624,1.198250794410706,0.6018621508592934,surprising,
near,wolf,3613,262,dog,-6.975025653839111,-5.780368304252624,1.1946573495864872,0.9499790283161512,plausible,
far,bowl,2109,975,ship,-6.968611240386963,-5.780368304252624,1.1882429361343387,0.9921113353486809,surprising,
far,chair,7543,1425,truck,-6.968125343322754,-5.780368304252624,1.1877570390701297,0.9905591065550942,surprising,
far,sunflower,8616,1499,bird,-6.96740198135376,-5.780368304252624,1.1870336771011356,0.9838740224049928,surprising,
far,bottle,9107,1539,ship,-6.965050220489502,-5.780368304252624,1.1846819162368778,0.9881331114787858,surprising,
near,pickup_truck,7570,606,truck,-6.965007305145264,-5.780368304252624,1.1846390008926395,0.6247444419570537,plausible,
near,pickup_truck,7866,627,automobile,-6.961131572723389,-5.780368304252624,1.1807632684707645,0.9741345316497121,plausible,
far,wardrobe,9149,1543,truck,-6.953042030334473,-5.780368304252624,1.1726737260818485,0.992221494352809,surprising,
far,wardrobe,7604,1426,truck,-6.950977802276611,-5.780368304252624,1.1706094980239872,0.7610895781422727,surprising,
far,bottle,2510,1008,cat,-6.949822425842285,-5.780368304252624,1.169454121589661,0.9930258658357772,surprising,
far,chair,9344,1558,airplane,-6.9461870193481445,-5.780368304252624,1.1658187150955204,0.9890991761503971,surprising,
far,chair,7499,1421,truck,-6.944764137268066,-5.780368304252624,1.1643958330154422,0.9481956202535957,surprising,
far,keyboard,7957,1456,truck,-6.943878173828125,-5.780368304252624,1.1635098695755008,0.9813169308266653,surprising,
far,keyboard,3872,1121,airplane,-6.939984321594238,-5.780368304252624,1.1596160173416141,0.9937228219299805,surprising,
near,tractor,299,23,automobile,-6.939749240875244,-5.780368304252624,1.15938093662262,0.8649407130437928,plausible,
far,wardrobe,3015,1049,cat,-6.938981533050537,-5.780368304252624,1.158613228797913,0.9660272772034535,surprising,
near,wolf,214,13,cat,-6.936316013336182,-5.780368304252624,1.1559477090835575,0.9907479127867184,plausible,
near,wolf,6324,503,dog,-6.93099308013916,-5.780368304252624,1.150624775886536,0.9413806316971568,plausible,
near,leopard,4278,316,bird,-6.924342155456543,-5.780368304252624,1.1439738512039188,0.987721363604886,surprising,
far,bowl,3348,1080,frog,-6.924327373504639,-5.780368304252624,1.1439590692520145,0.9593380708840547,surprising,
far,wardrobe,5666,1255,truck,-6.922411918640137,-5.780368304252624,1.1420436143875126,0.7753892255138628,surprising,
far,keyboard,6117,1293,airplane,-6.920487880706787,-5.780368304252624,1.140119576454163,0.9794531614340536,surprising,
near,fox,4703,357,cat,-6.917956829071045,-5.780368304252624,1.1375885248184208,0.9811341102096515,plausible,
near,pickup_truck,9676,774,automobile,-6.915458679199219,-5.780368304252624,1.1350903749465946,0.9814038970020565,plausible,
far,sunflower,9256,1551,bird,-6.9140625,-5.780368304252624,1.1336941957473758,0.9836544933473191,surprising,
near,motorcycle,9345,749,automobile,-6.9109272956848145,-5.780368304252624,1.1305589914321903,0.9710042244038881,plausible,
far,chair,1740,941,cat,-6.900771141052246,-5.780368304252624,1.120402836799622,0.9766875440752573,surprising,
near,pickup_truck,1145,89,automobile,-6.900547504425049,-5.780368304252624,1.1201792001724247,0.7804172321867334,plausible,
near,leopard,3549,254,deer,-6.897911548614502,-5.780368304252624,1.1175432443618778,0.8692776302876718,plausible,
far,wardrobe,1862,953,cat,-6.896792888641357,-5.780368304252624,1.1164245843887333,0.9316234452750561,surprising,
far,clock,2836,1035,ship,-6.894171714782715,-5.780368304252624,1.1138034105300907,0.9907135912831193,surprising,
far,sunflower,7328,1407,cat,-6.892169952392578,-5.780368304252624,1.111801648139954,0.9494742324672004,surprising,
far,mushroom,7181,1396,bird,-6.890821933746338,-5.780368304252624,1.1104536294937137,0.7102608240088871,surprising,
far,bottle,3122,1057,cat,-6.889230728149414,-5.780368304252624,1.10886242389679,0.9726285110959693,surprising,
near,motorcycle,354,30,automobile,-6.888416767120361,-5.780368304252624,1.1080484628677372,0.9887955042568675,plausible,
far,bowl,8568,1493,airplane,-6.881694793701172,-5.780368304252624,1.1013264894485477,0.953129524796415,surprising,
near,pickup_truck,3655,265,automobile,-6.879067420959473,-5.780368304252624,1.0986991167068485,0.8834104590946086,plausible,
near,bus,9252,741,ship,-6.875021457672119,-5.780368304252624,1.094653153419495,0.8445325732819242,surprising,
far,sunflower,4103,1140,dog,-6.873523235321045,-5.780368304252624,1.0931549310684208,0.990778629382984,surprising,
near,pickup_truck,8219,658,automobile,-6.872247695922852,-5.780368304252624,1.0918793916702274,0.9932803412886646,plausible,
far,chair,6619,1347,airplane,-6.867637634277344,-5.780368304252624,1.0872693300247196,0.980826256005075,surprising,
near,camel,3985,293,deer,-6.865097999572754,-5.780368304252624,1.0847296953201297,0.988778433091954,plausible,
far,clock,1163,900,airplane,-6.857875823974609,-5.780368304252624,1.0775075197219852,0.9477437085304622,surprising,
near,wolf,7125,559,cat,-6.855705261230469,-5.780368304252624,1.0753369569778446,0.5633488663740064,plausible,
far,bottle,2963,1042,truck,-6.85455846786499,-5.780368304252624,1.074190163612366,0.9850626753906925,surprising,
near,fox,1799,137,cat,-6.852365493774414,-5.780368304252624,1.07199718952179,0.943650940581599,plausible,
far,wardrobe,7469,1419,cat,-6.851224422454834,-5.780368304252624,1.0708561182022098,0.623991943427415,surprising,
near,wolf,9231,738,cat,-6.8509016036987305,-5.780368304252624,1.0705332994461063,0.921345926786016,plausible,
far,bowl,318,827,cat,-6.846500873565674,-5.780368304252624,1.0661325693130497,0.9756975309622904,surprising,
far,bottle,3316,1075,cat,-6.844837665557861,-5.780368304252624,1.0644693613052372,0.9867535510354531,surprising,
near,leopard,5458,437,cat,-6.844493389129639,-5.780368304252624,1.0641250848770145,0.9383038064860882,plausible,
near,camel,9266,744,dog,-6.839885234832764,-5.780368304252624,1.0595169305801395,0.9692501872306953,surprising,
far,clock,1930,959,airplane,-6.8375444412231445,-5.780368304252624,1.0571761369705204,0.977109096553514,surprising,
near,pickup_truck,5110,394,automobile,-6.835367679595947,-5.780368304252624,1.054999375343323,0.820292969296641,plausible,
far,chair,8753,1510,truck,-6.8349833488464355,-5.780368304252624,1.0546150445938114,0.9875111243749384,surprising,
far,bowl,5508,1243,frog,-6.833263397216797,-5.780368304252624,1.0528950929641727,0.9376207387723233,surprising,
far,wardrobe,4034,1135,cat,-6.830854415893555,-5.780368304252624,1.0504861116409305,0.9723174039047632,surprising,
far,wardrobe,8868,1519,truck,-6.825226783752441,-5.780368304252624,1.0448584794998172,0.766326091720867,surprising,
near,camel,5113,396,dog,-6.82150411605835,-5.780368304252624,1.0411358118057255,0.6377182934750311,surprising,
near,leopard,3291,239,cat,-6.816923141479492,-5.780368304252624,1.036554837226868,0.9133715148186312,plausible,
far,chair,30,802,airplane,-6.811896324157715,-5.780368304252624,1.0315280199050907,0.9835178902085875,surprising,
near,motorcycle,4461,336,airplane,-6.808999061584473,-5.780368304252624,1.0286307573318485,0.979839288577135,surprising,
far,sunflower,8881,1520,dog,-6.8059611320495605,-5.780368304252624,1.0255928277969364,0.9816947568594298,surprising,
far,wardrobe,8576,1495,cat,-6.799522876739502,-5.780368304252624,1.0191545724868778,0.8997427819297128,surprising,
near,camel,2948,217,deer,-6.797135829925537,-5.780368304252624,1.016767525672913,0.9662799657253024,plausible,
near,wolf,684,50,dog,-6.791603088378906,-5.780368304252624,1.011234784126282,0.8617199825436489,plausible,
far,mushroom,9826,1590,dog,-6.791044235229492,-5.780368304252624,1.010675930976868,0.9611143618856098,surprising,
near,leopard,8695,695,frog,-6.79058837890625,-5.780368304252624,1.0102200746536258,0.9381777944864688,surprising,
near,camel,1573,123,airplane,-6.782260417938232,-5.780368304252624,1.0018921136856083,0.9876860753632901,surprising,
far,bottle,7415,1412,ship,-6.781047821044922,-5.780368304252624,1.0006795167922977,0.9867946822187702,surprising,
near,tractor,8169,654,truck,-6.778465270996094,-5.780368304252624,0.9980969667434696,0.985463721201305,plausible,
near,motorcycle,9654,771,automobile,-6.773858547210693,-5.780368304252624,0.9934902429580692,0.9821554570724408,plausible,
near,motorcycle,4927,373,truck,-6.769834995269775,-5.780368304252624,0.9894666910171512,0.9789712806437145,plausible,
far,mushroom,9103,1538,bird,-6.768439769744873,-5.780368304252624,0.9880714654922489,0.9859942707797341,surprising,
near,motorcycle,5175,405,truck,-6.754977703094482,-5.780368304252624,0.9746093988418583,0.9914894846662533,plausible,
far,clock,7959,1457,bird,-6.739901542663574,-5.780368304252624,0.9595332384109501,0.9885324956912449,surprising,
far,bowl,1448,916,bird,-6.7346625328063965,-5.780368304252624,0.9542942285537723,0.9903350455852298,surprising,
near,fox,8150,652,cat,-6.734347343444824,-5.780368304252624,0.9539790391922001,0.9569700131278402,plausible,
near,bus,3236,235,automobile,-6.727506637573242,-5.780368304252624,0.947138333320618,0.9019745265653514,plausible,
near,bus,7376,584,truck,-6.719045639038086,-5.780368304252624,0.9386773347854618,0.9809108901685005,plausible,
far,bottle,8812,1515,truck,-6.709228992462158,-5.780368304252624,0.928860688209534,0.9727934405119166,surprising,
far,sunflower,4851,1197,bird,-6.708615779876709,-5.780368304252624,0.9282474756240848,0.9674184571416439,surprising,
near,tractor,9259,742,truck,-6.703929901123047,-5.780368304252624,0.9235615968704227,0.9682454768843132,plausible,
far,wardrobe,1470,918,cat,-6.699474811553955,-5.780368304252624,0.9191065073013309,0.98121337320906,surprising,
near,camel,9412,757,dog,-6.695837497711182,-5.780368304252624,0.9154691934585575,0.5720444164765052,surprising,
far,bowl,77,807,truck,-6.695205211639404,-5.780368304252624,0.9148369073867801,0.9800698825223509,surprising,
far,wardrobe,1641,933,cat,-6.690474033355713,-5.780368304252624,0.9101057291030887,0.7922749007984038,surprising,
near,camel,5285,417,dog,-6.68867301940918,-5.780368304252624,0.9083047151565555,0.931129058756348,surprising,
far,chair,2152,978,bird,-6.681197166442871,-5.780368304252624,0.9008288621902469,0.9797805816778743,surprising,
near,tractor,7388,586,truck,-6.6809258460998535,-5.780368304252624,0.9005575418472294,0.9498298479411657,plausible,
far,clock,4369,1161,ship,-6.675841331481934,-5.780368304252624,0.8954730272293094,0.9821324871418626,surprising,
far,chair,4186,1147,airplane,-6.674017906188965,-5.780368304252624,0.8936496019363407,0.9117359066707107,surprising,
far,bowl,6252,1313,ship,-6.670902729034424,-5.780368304252624,0.8905344247817997,0.9870408297384605,surprising,
far,sunflower,7258,1400,dog,-6.6649932861328125,-5.780368304252624,0.8846249818801883,0.8211590395986204,surprising,
far,bottle,7259,1401,truck,-6.658515930175781,-5.780368304252624,0.8781476259231571,0.9851945523061868,surprising,
near,bus,4808,365,ship,-6.652690410614014,-5.780368304252624,0.8723221063613895,0.9804107047313975,surprising,
near,tractor,262,19,truck,-6.648128509521484,-5.780368304252624,0.8677602052688602,0.9915678461949615,plausible,
near,motorcycle,9017,724,automobile,-6.64700174331665,-5.780368304252624,0.8666334390640262,0.9842855912136649,plausible,
far,clock,2463,1004,ship,-6.646152019500732,-5.780368304252624,0.8657837152481083,0.9590264480093998,surprising,
far,mushroom,5354,1230,bird,-6.645349979400635,-5.780368304252624,0.8649816751480106,0.6945426096066514,surprising,
far,wardrobe,7437,1416,cat,-6.641678333282471,-5.780368304252624,0.8613100290298465,0.595315690866093,surprising,
far,mushroom,5944,1276,cat,-6.6393141746521,-5.780368304252624,0.8589458703994755,0.9570966134756236,surprising,
near,camel,5494,444,horse,-6.632572650909424,-5.780368304252624,0.8522043466567997,0.9119586803650417,plausible,
near,motorcycle,5469,440,truck,-6.625012397766113,-5.780368304252624,0.8446440935134891,0.967225243311464,plausible,
far,bowl,588,848,ship,-6.623287200927734,-5.780368304252624,0.8429188966751102,0.8014877933664711,surprising,
near,pickup_truck,5893,475,truck,-6.620214462280273,-5.780368304252624,0.8398461580276493,0.937221155919761,plausible,
near,tractor,6360,506,automobile,-6.616397380828857,-5.780368304252624,0.8360290765762333,0.9748384345792799,plausible,
near,wolf,3487,249,dog,-6.616109848022461,-5.780368304252624,0.8357415437698368,0.6710864526052918,plausible,
far,clock,6482,1331,ship,-6.614544868469238,-5.780368304252624,0.8341765642166141,0.9612032750100056,surprising,
near,pickup_truck,5437,433,truck,-6.608243465423584,-5.780368304252624,0.8278751611709598,0.8768984723363225,plausible,
near,pickup_truck,3630,263,truck,-6.6039204597473145,-5.780368304252624,0.8235521554946903,0.9475585782621927,plausible,
far,sunflower,2243,989,frog,-6.6034393310546875,-5.780368304252624,0.8230710268020633,0.9795326658297829,surprising,
near,tractor,2992,220,airplane,-6.599349021911621,-5.780368304252624,0.8189807176589969,0.920772190190521,surprising,
near,wolf,4470,340,cat,-6.598217487335205,-5.780368304252624,0.8178491830825809,0.9534575981527704,plausible,
near,leopard,3346,242,cat,-6.597377777099609,-5.780368304252624,0.8170094728469852,0.9769845134077265,plausible,
near,leopard,7283,575,cat,-6.596667289733887,-5.780368304252624,0.8162989854812626,0.9670278649420944,plausible,
far,chair,5926,1274,airplane,-6.595717906951904,-5.780368304252624,0.8153496026992801,0.9239631231770643,surprising,
near,wolf,6746,538,cat,-6.5907416343688965,-5.780368304252624,0.8103733301162723,0.9539391086954597,plausible,
near,leopard,2678,198,frog,-6.590217590332031,-5.780368304252624,0.8098492860794071,0.9488164777401932,surprising,
far,wardrobe,1002,887,cat,-6.589628219604492,-5.780368304252624,0.809259915351868,0.7422274745535834,surprising,
far,keyboard,147,814,frog,-6.577789306640625,-5.780368304252624,0.7974210023880008,0.992506070482288,surprising,
far,clock,1927,958,truck,-6.56776237487793,-5.780368304252624,0.7873940706253055,0.9415043603507753,surprising,
near,fox,8100,645,horse,-6.566841125488281,-5.780368304252624,0.7864728212356571,0.9799594745734019,surprising,
near,bus,8717,698,truck,-6.563876628875732,-5.780368304252624,0.7835083246231083,0.9704314359686733,plausible,
near,camel,2315,173,horse,-6.56361198425293,-5.780368304252624,0.7832436800003055,0.9674406486330567,plausible,
far,bottle,9357,1560,ship,-6.559179782867432,-5.780368304252624,0.7788114786148075,0.9900159695840692,surprising,
far,bottle,8317,1478,truck,-6.55794620513916,-5.780368304252624,0.777577900886536,0.9074291086494646,surprising,
far,bowl,5716,1261,bird,-6.557765960693359,-5.780368304252624,0.7773976564407352,0.6031841895992601,surprising,
near,tractor,5025,386,truck,-6.547529697418213,-5.780368304252624,0.7671613931655887,0.9465493641870518,plausible,
near,bus,4201,309,truck,-6.546882152557373,-5.780368304252624,0.7665138483047489,0.9585585898436507,plausible,
far,wardrobe,8889,1521,cat,-6.544193744659424,-5.780368304252624,0.7638254404067997,0.9768071640636434,surprising,
far,keyboard,621,854,bird,-6.542679309844971,-5.780368304252624,0.7623110055923465,0.8334483830773726,surprising,
far,clock,7933,1455,truck,-6.539394378662109,-5.780368304252624,0.7590260744094852,0.9045646643942268,surprising,
near,wolf,5425,431,dog,-6.536942481994629,-5.780368304252624,0.7565741777420047,0.8855671737742346,plausible,
far,keyboard,6907,1378,truck,-6.534768104553223,-5.780368304252624,0.7543998003005985,0.9799702595320426,surprising,
near,camel,1060,82,horse,-6.534366130828857,-5.780368304252624,0.7539978265762333,0.9452718332106839,plausible,
far,keyboard,7698,1436,truck,-6.532893657684326,-5.780368304252624,0.752525353431702,0.8909516571688473,surprising,
near,leopard,3009,221,deer,-6.532778263092041,-5.780368304252624,0.7524099588394169,0.9709598607959358,plausible,
near,motorcycle,7109,556,automobile,-6.532412528991699,-5.780368304252624,0.7520442247390751,0.9732824450496115,plausible,
far,chair,7535,1423,truck,-6.522454738616943,-5.780368304252624,0.7420864343643192,0.984719429978202,surprising,
far,bowl,4367,1160,bird,-6.507091999053955,-5.780368304252624,0.7267236948013309,0.7295605959802307,surprising,
far,sunflower,8581,1497,dog,-6.505138397216797,-5.780368304252624,0.7247700929641727,0.9862959517952021,surprising,
far,mushroom,909,878,frog,-6.4936909675598145,-5.780368304252624,0.7133226633071903,0.9722503688838358,surprising,
near,camel,751,55,bird,-6.490198612213135,-5.780368304252624,0.7098303079605106,0.9468825145207019,surprising,
far,wardrobe,4466,1170,cat,-6.482662677764893,-5.780368304252624,0.7022943735122684,0.5068459996929836,surprising,
near,pickup_truck,9030,727,truck,-6.480336666107178,-5.780368304252624,0.6999683618545536,0.9624319422020696,plausible,
near,pickup_truck,47,3,automobile,-6.473453044891357,-5.780368304252624,0.6930847406387333,0.9080555488219728,plausible,
far,bottle,2314,994,automobile,-6.47158670425415,-5.780368304252624,0.6912184000015262,0.9889245129894277,surprising,
far,mushroom,3337,1078,bird,-6.47100305557251,-5.780368304252624,0.6906347513198856,0.9436006208714611,surprising,
far,sunflower,9907,1595,frog,-6.461713790893555,-5.780368304252624,0.6813454866409305,0.9734452481476338,surprising,
near,fox,1403,105,cat,-6.458495140075684,-5.780368304252624,0.6781268358230594,0.8916138806684678,plausible,
far,clock,8572,1494,ship,-6.454918384552002,-5.780368304252624,0.6745500802993778,0.7688033282312301,surprising,
far,chair,3299,1072,airplane,-6.453895092010498,-5.780368304252624,0.6735267877578739,0.9819877346977519,surprising,
far,wardrobe,4087,1139,truck,-6.453507423400879,-5.780368304252624,0.6731391191482547,0.9746873506057379,surprising,
far,bottle,6472,1330,ship,-6.452357769012451,-5.780368304252624,0.671989464759827,0.9305912701199444,surprising,
near,fox,2356,179,deer,-6.4522786140441895,-5.780368304252624,0.6719103097915653,0.9380761554075164,plausible,
near,pickup_truck,578,41,automobile,-6.451491355895996,-5.780368304252624,0.6711230516433719,0.7997706993953513,plausible,
near,fox,7279,574,cat,-6.451313495635986,-5.780368304252624,0.6709451913833622,0.9864910964263452,plausible,
near,tractor,2029,152,truck,-6.447627067565918,-5.780368304252624,0.6672587633132938,0.978357980023027,plausible,
far,bottle,6440,1329,cat,-6.441105842590332,-5.780368304252624,0.6607375383377079,0.9583743082637265,surprising,
near,camel,3319,240,dog,-6.438507556915283,-5.780368304252624,0.658139252662659,0.8245041428902057,surprising,
near,tractor,9708,777,truck,-6.434690475463867,-5.780368304252624,0.654322171211243,0.9855786463811713,plausible,
near,bus,8126,648,automobile,-6.430478096008301,-5.780368304252624,0.6501097917556766,0.8843309861322712,plausible,
far,wardrobe,4033,1134,cat,-6.429115295410156,-5.780368304252624,0.6487469911575321,0.9348646027492751,surprising,
far,wardrobe,4734,1183,bird,-6.428622722625732,-5.780368304252624,0.6482544183731083,0.7317205396065075,surprising,
near,leopard,3567,257,dog,-6.428318023681641,-5.780368304252624,0.6479497194290165,0.9613393722540832,plausible,
far,sunflower,1122,896,bird,-6.41721773147583,-5.780368304252624,0.6368494272232059,0.9310987603043606,surprising,
far,keyboard,7868,1452,airplane,-6.415488243103027,-5.780368304252624,0.6351199388504032,0.9491677293689434,surprising,
far,sunflower,7616,1429,dog,-6.4116034507751465,-5.780368304252624,0.6312351465225223,0.961288114595599,surprising,
near,tractor,3913,288,truck,-6.411281585693359,-5.780368304252624,0.6309132814407352,0.9746507146285599,plausible,
near,fox,4313,322,cat,-6.410792827606201,-5.780368304252624,0.630424523353577,0.9158735478970563,plausible,
far,chair,1792,946,automobile,-6.407973766326904,-5.780368304252624,0.6276054620742801,0.7186806276470077,surprising,
far,chair,5603,1248,airplane,-6.404210567474365,-5.780368304252624,0.6238422632217411,0.9720860008107091,surprising,
far,mushroom,8829,1516,bird,-6.397074222564697,-5.780368304252624,0.6167059183120731,0.6527823288126084,surprising,
near,fox,9148,734,cat,-6.395872592926025,-5.780368304252624,0.6155042886734012,0.9641345494067283,plausible,
far,mushroom,7787,1447,bird,-6.385863780975342,-5.780368304252624,0.6054954767227176,0.9295085281830635,surprising,
near,bus,5020,385,truck,-6.384045124053955,-5.780368304252624,0.6036768198013309,0.9826542310498922,plausible,
far,sunflower,2545,1010,dog,-6.377752780914307,-5.780368304252624,0.5973844766616825,0.5979401529283233,surprising,
near,tractor,2569,189,truck,-6.374542713165283,-5.780368304252624,0.594174408912659,0.9402807409117317,plausible,
near,leopard,952,73,cat,-6.373023986816406,-5.780368304252624,0.5926556825637821,0.9679902975080346,plausible,
far,mushroom,3352,1083,bird,-6.367935657501221,-5.780368304252624,0.5875673532485965,0.9759110012648174,surprising,
near,pickup_truck,7131,561,automobile,-6.3647942543029785,-5.780368304252624,0.5844259500503544,0.8715870038308496,plausible,
far,chair,7063,1388,airplane,-6.363159656524658,-5.780368304252624,0.582791352272034,0.9419760296591992,surprising,
near,fox,4049,298,cat,-6.357482433319092,-5.780368304252624,0.5771141290664676,0.8557263436571876,plausible,
far,bowl,6565,1343,frog,-6.355894088745117,-5.780368304252624,0.575525784492493,0.9549516199915618,surprising,
far,mushroom,6215,1305,cat,-6.353616237640381,-5.780368304252624,0.5732479333877567,0.93581454698676,surprising,
far,bottle,2428,1000,cat,-6.35071325302124,-5.780368304252624,0.5703449487686161,0.9784333019482271,surprising,
near,pickup_truck,4693,356,automobile,-6.3491129875183105,-5.780368304252624,0.5687446832656864,0.9717197422338798,plausible,
near,bus,3947,292,truck,-6.3469157218933105,-5.780368304252624,0.5665474176406864,0.9617225523881822,plausible,
far,sunflower,2989,1046,dog,-6.346291542053223,-5.780368304252624,0.5659232378005985,0.780201376739427,surprising,
far,clock,90,809,ship,-6.343611240386963,-5.780368304252624,0.5632429361343387,0.961762978603127,surprising,
far,clock,1428,912,ship,-6.341269493103027,-5.780368304252624,0.5609011888504032,0.5011437191598221,surprising,
near,camel,650,46,dog,-6.331017971038818,-5.780368304252624,0.5506496667861942,0.540046962156598,surprising,
near,wolf,7472,595,horse,-6.323147296905518,-5.780368304252624,0.5427789926528934,0.8832039766632949,surprising,
far,keyboard,2729,1026,truck,-6.322590351104736,-5.780368304252624,0.5422220468521122,0.9620405725485062,surprising,
near,tractor,5445,434,truck,-6.321847438812256,-5.780368304252624,0.5414791345596317,0.9579798009291453,plausible,
far,chair,3568,1097,bird,-6.320772647857666,-5.780368304252624,0.5404043436050419,0.9579418813787611,surprising,
near,bus,2019,151,truck,-6.3137593269348145,-5.780368304252624,0.5333910226821903,0.7267057113384489,plausible,
far,bowl,5083,1214,dog,-6.31358003616333,-5.780368304252624,0.5332117319107059,0.8864479820118326,surprising,
far,bottle,8090,1469,ship,-6.31082010269165,-5.780368304252624,0.5304517984390262,0.9606590967896358,surprising,
near,fox,8185,656,airplane,-6.309280872344971,-5.780368304252624,0.5289125680923465,0.9792001756038502,surprising,
far,mushroom,9778,1588,bird,-6.302666664123535,-5.780368304252624,0.522298359870911,0.957252844082021,surprising,
near,camel,1687,131,dog,-6.299834251403809,-5.780368304252624,0.5194659471511844,0.9522418333769467,surprising,
near,leopard,7609,609,cat,-6.299140453338623,-5.780368304252624,0.5187721490859989,0.9804785956255503,plausible,
near,fox,3136,229,dog,-6.298210144042969,-5.780368304252624,0.5178418397903446,0.8345374329301418,plausible,
near,motorcycle,6914,545,truck,-6.29533576965332,-5.780368304252624,0.5149674654006962,0.9827238212160069,plausible,
near,camel,7912,632,bird,-6.292296886444092,-5.780368304252624,0.5119285821914676,0.9752907048224706,surprising,
near,bus,4464,338,truck,-6.2851786613464355,-5.780368304252624,0.5048103570938114,0.9515386378584949,plausible,
far,clock,8074,1467,ship,-6.284036636352539,-5.780368304252624,0.5036683320999149,0.9789241113407816,surprising,
near,camel,7750,617,bird,-6.276595115661621,-5.780368304252624,0.49622681140899694,0.975560205194062,surprising,
near,leopard,7407,588,cat,-6.273702621459961,-5.780368304252624,0.4933343172073368,0.6711183429813441,plausible,
near,wolf,2933,215,cat,-6.2715983390808105,-5.780368304252624,0.4912300348281864,0.9381222188449282,plausible,
near,wolf,4294,319,deer,-6.271124839782715,-5.780368304252624,0.4907565355300907,0.9171093328064116,plausible,
far,sunflower,2740,1027,frog,-6.263650894165039,-5.780368304252624,0.4832825899124149,0.9819567066830537,surprising,
far,wardrobe,6783,1364,truck,-6.259331226348877,-5.780368304252624,0.4789629220962528,0.7848508972047069,surprising,
far,sunflower,9315,1556,cat,-6.257043361663818,-5.780368304252624,0.4766750574111942,0.8449917104522582,surprising,
far,wardrobe,1909,957,cat,-6.251926898956299,-5.780368304252624,0.47155859470367467,0.9742441964321628,surprising,
far,bowl,7428,1415,ship,-6.247599124908447,-5.780368304252624,0.4672308206558231,0.9805579751018201,surprising,
near,wolf,17,1,dog,-6.246937274932861,-5.780368304252624,0.46656897068023717,0.5038934739440364,plausible,
near,camel,1184,92,horse,-6.246364116668701,-5.780368304252624,0.465995812416077,0.7718856845165901,plausible,
far,bottle,5440,1238,ship,-6.246220111846924,-5.780368304252624,0.46585180759429967,0.970406446055061,surprising,
near,wolf,653,48,cat,-6.245707988739014,-5.780368304252624,0.4653396844863895,0.9633350490178282,plausible,
near,wolf,6447,519,cat,-6.237560749053955,-5.780368304252624,0.4571924448013309,0.9587524559515035,plausible,
far,bowl,3373,1084,bird,-6.233795642852783,-5.780368304252624,0.45342733860015905,0.8980532483618613,surprising,
far,wardrobe,4245,1151,cat,-6.2336883544921875,-5.780368304252624,0.45332005023956334,0.9585388358216288,surprising,
far,mushroom,3734,1111,cat,-6.229115962982178,-5.780368304252624,0.4487476587295536,0.9190765438808034,surprising,
near,pickup_truck,5736,464,truck,-6.226956367492676,-5.780368304252624,0.4465880632400516,0.833344490291648,plausible,
far,bottle,170,819,ship,-6.223289966583252,-5.780368304252624,0.4429216623306278,0.976335233224982,surprising,
far,mushroom,5386,1234,bird,-6.222110271453857,-5.780368304252624,0.44174196720123327,0.9736335731298487,surprising,
far,clock,2223,987,automobile,-6.205140590667725,-5.780368304252624,0.42477228641510045,0.957179438189944,surprising,
far,chair,3317,1076,airplane,-6.20494270324707,-5.780368304252624,0.42457439899444616,0.8338021839906121,surprising,
near,pickup_truck,8947,715,truck,-6.2025065422058105,-5.780368304252624,0.4221382379531864,0.7797391781397531,plausible,
near,motorcycle,6382,508,automobile,-6.20095157623291,-5.780368304252624,0.420583271980286,0.9572211125016921,plausible,
near,pickup_truck,9871,786,truck,-6.190516948699951,-5.780368304252624,0.410148644447327,0.9329072610263238,plausible,
far,wardrobe,7606,1427,truck,-6.183653831481934,-5.780368304252624,0.40328552722930944,0.6661438689041114,surprising,
far,sunflower,8785,1512,dog,-6.1827287673950195,-5.780368304252624,0.4023604631423954,0.8678885300371358,surprising,
near,camel,7128,560,horse,-6.177196502685547,-5.780368304252624,0.3968281984329227,0.9336940191892523,plausible,
far,wardrobe,3806,1117,cat,-6.176884174346924,-5.780368304252624,0.39651587009429967,0.9834501524258921,surprising,
far,bowl,6519,1339,bird,-6.176169395446777,-5.780368304252624,0.3958010911941532,0.9395154659968009,surprising,
far,clock,45,803,ship,-6.175512790679932,-5.780368304252624,0.3951444864273075,0.9187512658796577,surprising,
far,clock,5364,1231,bird,-6.169946670532227,-5.780368304252624,0.3895783662796024,0.9853182242221566,surprising,
far,mushroom,8788,1513,bird,-6.1635026931762695,-5.780368304252624,0.3831343889236454,0.8727823870097573,surprising,
far,sunflower,9431,1565,bird,-6.162890911102295,-5.780368304252624,0.38252260684967077,0.9171972238697041,surprising,
far,chair,2108,974,airplane,-6.162196159362793,-5.780368304252624,0.3818278551101688,0.9766503043912397,surprising,
near,fox,1432,110,dog,-6.155979633331299,-5.780368304252624,0.37561132907867467,0.6152511777914955,plausible,
near,pickup_truck,5129,399,automobile,-6.155831336975098,-5.780368304252624,0.3754630327224735,0.5554506896340231,plausible,
far,keyboard,8058,1465,cat,-6.152718544006348,-5.780368304252624,0.3723502397537235,0.9742371342206783,surprising,
far,clock,6238,1310,ship,-6.145590782165527,-5.780368304252624,0.3652224779129032,0.9719295135309091,surprising,
near,fox,4003,294,deer,-6.143435478210449,-5.780368304252624,0.36306717395782506,0.6452532159984365,plausible,
near,motorcycle,4960,375,automobile,-6.140816688537598,-5.780368304252624,0.3604483842849735,0.9591072987576803,plausible,
near,tractor,995,78,truck,-6.139866828918457,-5.780368304252624,0.3594985246658329,0.9843415597266586,plausible,
near,pickup_truck,3537,252,automobile,-6.138354778289795,-5.780368304252624,0.35798647403717077,0.7828337295161594,plausible,
far,bottle,8088,1468,dog,-6.137670993804932,-5.780368304252624,0.3573026895523075,0.9771348670101533,surprising,
far,bowl,6327,1319,cat,-6.136663913726807,-5.780368304252624,0.3562956094741825,0.829345961661855,surprising,
near,motorcycle,8763,703,airplane,-6.1328887939453125,-5.780368304252624,0.35252048969268834,0.9614353697436195,surprising,
near,pickup_truck,7119,558,truck,-6.131420612335205,-5.780368304252624,0.3510523080825809,0.725606315072417,plausible,
near,wolf,471,35,cat,-6.118366718292236,-5.780368304252624,0.33799841403961217,0.9520662566388481,plausible,
near,tractor,3177,231,truck,-6.118001461029053,-5.780368304252624,0.3376331567764286,0.9390270954719212,plausible,
far,chair,125,813,cat,-6.113328456878662,-5.780368304252624,0.33296015262603795,0.9691913140865243,surprising,
far,wardrobe,734,863,cat,-6.112239837646484,-5.780368304252624,0.3318715333938602,0.755299611551755,surprising,
near,leopard,8310,663,frog,-6.110659599304199,-5.780368304252624,0.33029129505157506,0.9797151753132438,surprising,
far,sunflower,8689,1503,bird,-6.1073479652404785,-5.780368304252624,0.32697966098785436,0.9401921482060996,surprising,
near,leopard,425,33,frog,-6.095776557922363,-5.780368304252624,0.3154082536697391,0.9359367742994882,surprising,
near,wolf,255,16,cat,-6.0950212478637695,-5.780368304252624,0.3146529436111454,0.7952926425890584,plausible,
far,clock,7224,1398,truck,-6.094160556793213,-5.780368304252624,0.31379225254058873,0.9048376630608247,surprising,
far,sunflower,6388,1323,bird,-6.090757846832275,-5.780368304252624,0.31038954257965123,0.7194159876769418,surprising,
far,mushroom,1484,919,bird,-6.085517883300781,-5.780368304252624,0.3051495790481571,0.9190242562284421,surprising,
near,motorcycle,626,44,airplane,-6.0801544189453125,-5.780368304252624,0.29978611469268834,0.9196908376496385,surprising,
near,motorcycle,7289,576,automobile,-6.0721940994262695,-5.780368304252624,0.2918257951736454,0.9531564762255688,plausible,
near,camel,5455,436,deer,-6.069167137145996,-5.780368304252624,0.28879883289337194,0.9137426380773479,plausible,
near,leopard,1607,125,cat,-6.066822052001953,-5.780368304252624,0.28645374774932897,0.900994584708814,plausible,
near,leopard,5328,426,deer,-6.064517021179199,-5.780368304252624,0.28414871692657506,0.7197820183101326,plausible,
far,bottle,114,811,cat,-6.063047409057617,-5.780368304252624,0.28267910480499303,0.9852932145111171,surprising,
near,wolf,7561,602,cat,-6.060612201690674,-5.780368304252624,0.28024389743804967,0.5145270211555076,plausible,
near,bus,9546,764,truck,-6.054306507110596,-5.780368304252624,0.27393820285797155,0.9427921665606488,plausible,
near,camel,2145,165,horse,-6.045454978942871,-5.780368304252624,0.26508667469024694,0.8064560369343439,plausible,
near,fox,2349,178,deer,-6.041421890258789,-5.780368304252624,0.2610535860061649,0.8730745539097471,plausible,
near,tractor,1976,147,truck,-6.039752960205078,-5.780368304252624,0.25938465595245397,0.9748528821603537,plausible,
far,keyboard,9736,1583,bird,-6.03761625289917,-5.780368304252624,0.25724794864654577,0.9218345972122646,surprising,
far,sunflower,238,824,bird,-6.035309791564941,-5.780368304252624,0.25494148731231725,0.9485689362979132,surprising,
near,leopard,5016,384,deer,-6.020383358001709,-5.780368304252624,0.24001505374908483,0.9752056963862854,plausible,
near,motorcycle,6416,514,airplane,-6.017951011657715,-5.780368304252624,0.2375827074050907,0.926379342290014,surprising,
near,fox,3607,260,dog,-6.008327007293701,-5.780368304252624,0.22795870304107702,0.9358638288158525,plausible,
near,pickup_truck,7823,625,automobile,-6.000898838043213,-5.780368304252624,0.22053053379058873,0.9130379765270547,plausible,
near,leopard,3200,233,deer,-5.999228477478027,-5.780368304252624,0.2188601732254032,0.9608180099948177,plausible,
far,sunflower,76,806,bird,-5.992822170257568,-5.780368304252624,0.2124538660049442,0.9236284934083027,surprising,
near,motorcycle,1464,113,truck,-5.986313343048096,-5.780368304252624,0.20594503879547155,0.9537298015162057,plausible,
near,bus,2698,199,automobile,-5.980504989624023,-5.780368304252624,0.20013668537139928,0.5259611177872606,plausible,
near,tractor,9922,791,truck,-5.977957248687744,-5.780368304252624,0.19758894443511998,0.9518959954322783,plausible,
far,bowl,3863,1120,automobile,-5.976396560668945,-5.780368304252624,0.19602825641632116,0.9453991248879968,surprising,
far,clock,4986,1208,automobile,-5.976071357727051,-5.780368304252624,0.19570305347442662,0.9101897843718841,surprising,
far,wardrobe,662,859,bird,-5.975324630737305,-5.780368304252624,0.19495632648468053,0.9264050302344635,surprising,
near,pickup_truck,5738,465,automobile,-5.97222375869751,-5.780368304252624,0.1918554544448856,0.7562601411205966,plausible,
far,keyboard,180,820,airplane,-5.969257831573486,-5.780368304252624,0.18888952732086217,0.7640790900996406,surprising,
far,keyboard,9012,1528,cat,-5.966011047363281,-5.780368304252624,0.1856427431106571,0.9730415585342825,surprising,
near,bus,9930,793,truck,-5.9590277671813965,-5.780368304252624,0.17865946292877233,0.5196076420104075,plausible,
far,mushroom,6911,1379,deer,-5.956906795501709,-5.780368304252624,0.17653849124908483,0.8443922020896925,surprising,
far,mushroom,1032,889,bird,-5.948619842529297,-5.780368304252624,0.16825153827667272,0.9536576811782347,surprising,
near,tractor,6398,510,truck,-5.9462385177612305,-5.780368304252624,0.1658702135086063,0.9675416141948635,plausible,
near,wolf,2835,208,dog,-5.943270206451416,-5.780368304252624,0.16290190219879186,0.9288146329135097,plausible,
near,bus,4756,363,horse,-5.943212032318115,-5.780368304252624,0.16284372806549108,0.8595808663351056,surprising,
near,motorcycle,1404,106,cat,-5.94081974029541,-5.780368304252624,0.160451436042786,0.9761976918632558,surprising,
far,sunflower,7755,1441,frog,-5.9391560554504395,-5.780368304252624,0.1587877511978153,0.9340622316758793,surprising,
far,clock,2586,1017,frog,-5.935309410095215,-5.780368304252624,0.1549411058425907,0.8631741866926622,surprising,
far,bottle,3906,1123,cat,-5.922469139099121,-5.780368304252624,0.14210083484649694,0.9730010235700512,surprising,
far,keyboard,9262,1552,automobile,-5.92160701751709,-5.780368304252624,0.1412387132644657,0.8873019459443953,surprising,
near,fox,9686,775,dog,-5.914780616760254,-5.780368304252624,0.13441231250762975,0.8839388269217534,plausible,
far,clock,583,847,bird,-5.913523197174072,-5.780368304252624,0.1331548929214481,0.8709096050980178,surprising,
far,wardrobe,2715,1025,cat,-5.912569046020508,-5.780368304252624,0.13220074176788366,0.5928000296732138,surprising,
near,leopard,3338,241,deer,-5.904160499572754,-5.780368304252624,0.12379219532012975,0.961883257441739,plausible,
far,mushroom,2579,1016,bird,-5.902709484100342,-5.780368304252624,0.12234117984771764,0.9036459492401281,surprising,
near,fox,8672,693,dog,-5.898111343383789,-5.780368304252624,0.1177430391311649,0.8683155091167031,plausible,
near,pickup_truck,2421,182,truck,-5.8970723152160645,-5.780368304252624,0.1167040109634403,0.7118615621471059,plausible,
near,wolf,4283,317,cat,-5.8914971351623535,-5.780368304252624,0.11112883090972936,0.9383038275267889,plausible,
near,wolf,8634,689,frog,-5.889851093292236,-5.780368304252624,0.10948278903961217,0.9214868873378751,surprising,
near,camel,902,67,horse,-5.889185428619385,-5.780368304252624,0.10881712436676061,0.9791957639854325,plausible,
far,sunflower,7989,1459,bird,-5.886016368865967,-5.780368304252624,0.10564806461334264,0.912272282733054,surprising,
far,chair,3286,1069,automobile,-5.883622169494629,-5.780368304252624,0.10325386524200475,0.9755150030663435,surprising,
far,chair,2161,979,truck,-5.882037162780762,-5.780368304252624,0.10166885852813756,0.9717264463227777,surprising,
far,wardrobe,3705,1107,truck,-5.880639553070068,-5.780368304252624,0.1002712488174442,0.9560413670232563,surprising,
far,wardrobe,4631,1175,truck,-5.878931522369385,-5.780368304252624,0.09856321811676061,0.8111495530703043,surprising,
near,fox,9496,761,bird,-5.874748229980469,-5.780368304252624,0.0943799257278446,0.9274132245735056,surprising,
near,pickup_truck,5317,424,truck,-5.872663974761963,-5.780368304252624,0.09229567050933873,0.7264616832612684,plausible,
far,sunflower,8736,1508,bird,-5.870615482330322,-5.780368304252624,0.09024717807769811,0.926604456323874,surprising,
far,sunflower,8068,1466,deer,-5.870499610900879,-5.780368304252624,0.09013130664825475,0.9367645345777807,surprising,
far,wardrobe,8757,1511,cat,-5.866610050201416,-5.780368304252624,0.08624174594879186,0.8546204418049859,surprising,
near,bus,3106,227,truck,-5.862864017486572,-5.780368304252624,0.08249571323394811,0.9368580497195714,plausible,
far,bowl,6069,1288,cat,-5.856663703918457,-5.780368304252624,0.07629539966583287,0.952356668531735,surprising,
near,fox,7317,579,cat,-5.8536529541015625,-5.780368304252624,0.07328464984893834,0.8796973935748135,plausible,
far,chair,1674,936,airplane,-5.8459343910217285,-5.780368304252624,0.06556608676910436,0.9129933604194058,surprising,
near,wolf,9317,747,cat,-5.845602989196777,-5.780368304252624,0.06523468494415319,0.9225091499715316,plausible,
far,bottle,9044,1529,bird,-5.844719409942627,-5.780368304252624,0.0643511056900028,0.7869331818597616,surprising,
far,wardrobe,3053,1051,truck,-5.839234352111816,-5.780368304252624,0.05886604785919225,0.9743840805033039,surprising,
near,leopard,288,22,frog,-5.835738658905029,-5.780368304252624,0.05537035465240514,0.9066417687515836,surprising,
far,clock,6490,1332,automobile,-5.8315582275390625,-5.780368304252624,0.051189923286438344,0.869113955467619,surprising,
near,wolf,8418,671,cat,-5.828996658325195,-5.780368304252624,0.048628354072571156,0.9369383847202876,plausible,
near,tractor,4109,300,truck,-5.828012943267822,-5.780368304252624,0.04764463901519811,0.9244473130849042,plausible,
far,sunflower,1542,925,frog,-5.8266096115112305,-5.780368304252624,0.04624130725860631,0.9059748177848083,surprising,
far,mushroom,1273,905,horse,-5.821521282196045,-5.780368304252624,0.041152977943420765,0.8171786923160563,surprising,
near,leopard,274,20,frog,-5.821188926696777,-5.780368304252624,0.04082062244415319,0.9506680941648816,surprising,
far,chair,4125,1141,airplane,-5.8188796043396,-5.780368304252624,0.03851130008697545,0.9696980206762436,surprising,
far,chair,1947,962,airplane,-5.8174333572387695,-5.780368304252624,0.037065052986145375,0.9545054626536035,surprising,
near,tractor,7507,599,truck,-5.8134002685546875,-5.780368304252624,0.033031964302063344,0.9219788972161262,plausible,
far,clock,2533,1009,ship,-5.810006141662598,-5.780368304252624,0.0296378374099735,0.9551204357342362,surprising,
near,fox,8618,687,cat,-5.808340549468994,-5.780368304252624,0.027972245216369984,0.652179963252428,plausible,
far,chair,4214,1150,bird,-5.807948589324951,-5.780368304252624,0.027580285072327015,0.76380918847919,surprising,
far,keyboard,2055,972,airplane,-5.807697772979736,-5.780368304252624,0.02732946872711217,0.9707764378979418,surprising,
near,camel,7800,621,dog,-5.798679351806641,-5.780368304252624,0.01831104755401647,0.9667447494252785,surprising,
near,motorcycle,1321,100,frog,-5.7977423667907715,-5.780368304252624,0.017374062538147328,0.950384861127823,surprising,
near,leopard,9261,743,frog,-5.792881011962891,-5.780368304252624,0.012512707710266469,0.8488808869953391,surprising,
far,wardrobe,9307,1555,cat,-5.790830612182617,-5.780368304252624,0.010462307929993031,0.8998806120036174,surprising,
far,chair,7192,1397,cat,-5.784757137298584,-5.780368304252624,0.004388833045959828,0.9347341945980241,surprising,
near,tractor,2675,197,truck,-5.781361103057861,-5.780368304252624,0.0009927988052371717,0.8945827060735538,plausible,
